customer_id,feature_name,usage_count,usage_date
328,Leads Module,2,2025-06-27
380,Integrations,16,2025-06-27
115,Reports,48,2025-06-27
53,Email Campaigns,6,2025-06-27
303,Workflow Automation,3,2025-06-27
16,Leads Module,14,2025-06-27
120,Email Campaigns,39,2025-06-27
14,Email Campaigns,13,2025-06-27
367,Email Campaigns,27,2025-06-27
113,Workflow Automation,38,2025-06-27
143,Leads Module,49,2025-06-27
413,Reports,45,2025-06-27
217,Integrations,18,2025-06-27
80,Reports,49,2025-06-27
173,Leads Module,6,2025-06-27
195,Leads Module,23,2025-06-27
434,Integrations,39,2025-06-27
136,Leads Module,47,2025-06-27
236,Email Campaigns,8,2025-06-27
499,Workflow Automation,6,2025-06-27
283,Integrations,41,2025-06-27
317,Integrations,37,2025-06-27
99,Leads Module,3,2025-06-27
339,Reports,50,2025-06-27
149,Leads Module,15,2025-06-27
444,Leads Module,25,2025-06-27
143,Workflow Automation,41,2025-06-27
428,Integrations,11,2025-06-27
190,Integrations,14,2025-06-27
344,Integrations,45,2025-06-27
480,Leads Module,39,2025-06-27
326,Reports,35,2025-06-27
374,Reports,11,2025-06-27
237,Workflow Automation,18,2025-06-27
474,Email Campaigns,15,2025-06-27
351,Integrations,50,2025-06-27
398,Leads Module,15,2025-06-27
421,Leads Module,21,2025-06-27
206,Integrations,5,2025-06-27
109,Email Campaigns,46,2025-06-27
162,Reports,42,2025-06-27
256,Workflow Automation,42,2025-06-27
235,Reports,17,2025-06-27
72,Reports,48,2025-06-27
288,Email Campaigns,17,2025-06-27
383,Email Campaigns,28,2025-06-27
460,Email Campaigns,26,2025-06-27
186,Reports,9,2025-06-27
261,Workflow Automation,6,2025-06-27
387,Leads Module,8,2025-06-27
79,Reports,44,2025-06-27
217,Email Campaigns,5,2025-06-27
198,Workflow Automation,39,2025-06-27
240,Email Campaigns,17,2025-06-27
498,Email Campaigns,1,2025-06-27
349,Leads Module,44,2025-06-27
454,Email Campaigns,49,2025-06-27
137,Integrations,8,2025-06-27
151,Workflow Automation,11,2025-06-27
233,Leads Module,47,2025-06-27
449,Integrations,33,2025-06-27
391,Reports,33,2025-06-27
468,Leads Module,41,2025-06-27
153,Email Campaigns,39,2025-06-27
102,Reports,24,2025-06-27
391,Reports,35,2025-06-27
489,Email Campaigns,1,2025-06-27
307,Integrations,32,2025-06-27
10,Leads Module,24,2025-06-27
450,Integrations,16,2025-06-27
30,Reports,37,2025-06-27
485,Leads Module,6,2025-06-27
375,Workflow Automation,5,2025-06-27
390,Email Campaigns,50,2025-06-27
65,Reports,43,2025-06-27
244,Email Campaigns,11,2025-06-27
136,Email Campaigns,39,2025-06-27
217,Reports,35,2025-06-27
387,Reports,46,2025-06-27
160,Workflow Automation,43,2025-06-27
333,Integrations,29,2025-06-27
461,Email Campaigns,29,2025-06-27
62,Reports,15,2025-06-27
33,Integrations,2,2025-06-27
302,Email Campaigns,15,2025-06-27
302,Reports,1,2025-06-27
37,Leads Module,15,2025-06-27
35,Leads Module,22,2025-06-27
37,Email Campaigns,16,2025-06-27
143,Workflow Automation,14,2025-06-27
277,Reports,47,2025-06-27
479,Email Campaigns,37,2025-06-27
243,Reports,31,2025-06-27
414,Workflow Automation,13,2025-06-27
49,Leads Module,43,2025-06-27
221,Integrations,28,2025-06-27
211,Workflow Automation,47,2025-06-27
28,Leads Module,4,2025-06-27
207,Integrations,7,2025-06-27
128,Reports,13,2025-06-27
275,Workflow Automation,9,2025-06-27
217,Reports,18,2025-06-27
237,Reports,5,2025-06-27
227,Email Campaigns,7,2025-06-27
26,Email Campaigns,1,2025-06-27
497,Leads Module,49,2025-06-27
435,Reports,11,2025-06-27
209,Workflow Automation,31,2025-06-27
110,Workflow Automation,4,2025-06-27
85,Workflow Automation,1,2025-06-27
200,Integrations,30,2025-06-27
147,Workflow Automation,45,2025-06-27
491,Email Campaigns,43,2025-06-27
368,Workflow Automation,10,2025-06-27
98,Integrations,14,2025-06-27
496,Leads Module,38,2025-06-27
377,Email Campaigns,4,2025-06-27
383,Integrations,4,2025-06-27
26,Email Campaigns,31,2025-06-27
258,Email Campaigns,11,2025-06-27
30,Email Campaigns,6,2025-06-27
436,Reports,5,2025-06-27
305,Leads Module,44,2025-06-27
442,Reports,26,2025-06-27
62,Email Campaigns,16,2025-06-27
297,Email Campaigns,3,2025-06-27
318,Leads Module,27,2025-06-27
337,Email Campaigns,37,2025-06-27
268,Integrations,17,2025-06-27
105,Integrations,16,2025-06-27
136,Workflow Automation,9,2025-06-27
344,Integrations,30,2025-06-27
162,Leads Module,1,2025-06-27
235,Email Campaigns,37,2025-06-27
52,Leads Module,35,2025-06-27
110,Email Campaigns,17,2025-06-27
68,Integrations,5,2025-06-27
451,Reports,24,2025-06-27
146,Reports,29,2025-06-27
427,Email Campaigns,46,2025-06-27
155,Email Campaigns,42,2025-06-27
271,Leads Module,43,2025-06-27
419,Email Campaigns,20,2025-06-27
478,Leads Module,9,2025-06-27
136,Leads Module,7,2025-06-27
381,Email Campaigns,10,2025-06-27
140,Integrations,39,2025-06-27
108,Integrations,14,2025-06-27
352,Integrations,33,2025-06-27
251,Integrations,4,2025-06-27
48,Workflow Automation,18,2025-06-27
23,Leads Module,22,2025-06-27
395,Reports,41,2025-06-27
135,Reports,48,2025-06-27
227,Email Campaigns,46,2025-06-27
219,Email Campaigns,1,2025-06-27
58,Leads Module,45,2025-06-27
463,Reports,35,2025-06-27
19,Integrations,38,2025-06-27
283,Reports,28,2025-06-27
66,Leads Module,20,2025-06-27
187,Leads Module,23,2025-06-27
108,Reports,43,2025-06-27
53,Integrations,50,2025-06-27
287,Workflow Automation,40,2025-06-27
384,Reports,16,2025-06-27
443,Reports,12,2025-06-27
452,Workflow Automation,2,2025-06-27
92,Integrations,27,2025-06-27
411,Reports,18,2025-06-27
82,Leads Module,25,2025-06-27
447,Leads Module,31,2025-06-27
114,Reports,30,2025-06-27
180,Integrations,15,2025-06-27
115,Leads Module,43,2025-06-27
99,Workflow Automation,22,2025-06-27
143,Leads Module,50,2025-06-27
143,Integrations,42,2025-06-27
261,Workflow Automation,44,2025-06-27
432,Email Campaigns,22,2025-06-27
481,Leads Module,8,2025-06-27
450,Integrations,12,2025-06-27
298,Integrations,3,2025-06-27
56,Email Campaigns,28,2025-06-27
177,Integrations,28,2025-06-27
311,Email Campaigns,8,2025-06-27
198,Email Campaigns,13,2025-06-27
131,Leads Module,46,2025-06-27
224,Leads Module,34,2025-06-27
474,Email Campaigns,44,2025-06-27
369,Reports,24,2025-06-27
221,Leads Module,43,2025-06-27
472,Integrations,40,2025-06-27
161,Leads Module,47,2025-06-27
461,Integrations,33,2025-06-27
159,Workflow Automation,21,2025-06-27
207,Integrations,36,2025-06-27
66,Reports,27,2025-06-27
341,Workflow Automation,44,2025-06-27
384,Reports,40,2025-06-27
292,Integrations,26,2025-06-27
281,Leads Module,20,2025-06-27
147,Reports,28,2025-06-27
403,Email Campaigns,39,2025-06-27
336,Integrations,30,2025-06-27
227,Workflow Automation,44,2025-06-27
110,Email Campaigns,31,2025-06-27
407,Reports,43,2025-06-27
44,Integrations,33,2025-06-27
340,Email Campaigns,22,2025-06-27
48,Reports,44,2025-06-27
159,Reports,13,2025-06-27
76,Leads Module,3,2025-06-27
126,Workflow Automation,40,2025-06-27
436,Leads Module,30,2025-06-27
213,Email Campaigns,13,2025-06-27
368,Workflow Automation,32,2025-06-27
205,Reports,10,2025-06-27
336,Leads Module,49,2025-06-27
441,Leads Module,50,2025-06-27
218,Reports,12,2025-06-27
412,Email Campaigns,30,2025-06-27
26,Email Campaigns,16,2025-06-27
470,Leads Module,30,2025-06-27
69,Workflow Automation,43,2025-06-27
272,Email Campaigns,39,2025-06-27
163,Workflow Automation,40,2025-06-27
418,Email Campaigns,28,2025-06-27
426,Email Campaigns,29,2025-06-27
460,Reports,48,2025-06-27
442,Workflow Automation,29,2025-06-27
133,Reports,41,2025-06-27
142,Email Campaigns,32,2025-06-27
321,Reports,18,2025-06-27
226,Leads Module,46,2025-06-27
147,Reports,18,2025-06-27
172,Integrations,35,2025-06-27
42,Reports,10,2025-06-27
119,Workflow Automation,45,2025-06-27
79,Reports,5,2025-06-27
213,Workflow Automation,22,2025-06-27
278,Workflow Automation,27,2025-06-27
32,Reports,27,2025-06-27
200,Email Campaigns,45,2025-06-27
11,Email Campaigns,25,2025-06-27
245,Leads Module,23,2025-06-27
153,Workflow Automation,27,2025-06-27
276,Email Campaigns,39,2025-06-27
460,Reports,32,2025-06-27
113,Integrations,28,2025-06-27
249,Leads Module,25,2025-06-27
173,Workflow Automation,47,2025-06-27
85,Workflow Automation,9,2025-06-27
319,Email Campaigns,2,2025-06-27
465,Workflow Automation,38,2025-06-27
289,Leads Module,6,2025-06-27
330,Workflow Automation,9,2025-06-27
444,Workflow Automation,12,2025-06-27
26,Integrations,25,2025-06-27
168,Reports,30,2025-06-27
168,Integrations,49,2025-06-27
451,Workflow Automation,18,2025-06-27
386,Workflow Automation,17,2025-06-27
428,Leads Module,31,2025-06-27
10,Email Campaigns,4,2025-06-27
488,Integrations,15,2025-06-27
333,Leads Module,50,2025-06-27
491,Leads Module,49,2025-06-27
16,Reports,13,2025-06-27
430,Leads Module,40,2025-06-27
79,Reports,9,2025-06-27
243,Leads Module,37,2025-06-27
486,Reports,30,2025-06-27
359,Integrations,50,2025-06-27
189,Reports,39,2025-06-27
311,Leads Module,50,2025-06-27
420,Reports,20,2025-06-27
56,Email Campaigns,2,2025-06-27
476,Integrations,37,2025-06-27
347,Workflow Automation,26,2025-06-27
483,Reports,5,2025-06-27
304,Reports,7,2025-06-27
357,Integrations,44,2025-06-27
308,Leads Module,37,2025-06-27
401,Leads Module,23,2025-06-27
273,Workflow Automation,43,2025-06-27
190,Leads Module,33,2025-06-27
332,Integrations,1,2025-06-27
435,Workflow Automation,32,2025-06-27
55,Workflow Automation,24,2025-06-27
326,Workflow Automation,46,2025-06-27
79,Workflow Automation,12,2025-06-27
376,Email Campaigns,42,2025-06-27
139,Email Campaigns,35,2025-06-27
397,Workflow Automation,30,2025-06-27
224,Email Campaigns,18,2025-06-27
166,Reports,6,2025-06-27
143,Workflow Automation,16,2025-06-27
385,Workflow Automation,37,2025-06-27
313,Workflow Automation,22,2025-06-27
15,Workflow Automation,21,2025-06-27
94,Workflow Automation,14,2025-06-27
182,Integrations,22,2025-06-27
144,Email Campaigns,45,2025-06-27
451,Integrations,36,2025-06-27
6,Email Campaigns,13,2025-06-27
44,Reports,47,2025-06-27
209,Workflow Automation,36,2025-06-27
389,Reports,45,2025-06-27
244,Workflow Automation,29,2025-06-27
406,Leads Module,6,2025-06-27
151,Reports,26,2025-06-27
355,Reports,20,2025-06-27
340,Email Campaigns,24,2025-06-27
243,Email Campaigns,34,2025-06-27
177,Workflow Automation,48,2025-06-27
282,Integrations,23,2025-06-27
360,Workflow Automation,18,2025-06-27
157,Integrations,15,2025-06-27
62,Reports,21,2025-06-27
62,Email Campaigns,49,2025-06-27
354,Reports,13,2025-06-27
111,Workflow Automation,18,2025-06-27
371,Email Campaigns,49,2025-06-27
269,Email Campaigns,19,2025-06-27
52,Reports,19,2025-06-27
117,Integrations,12,2025-06-27
155,Leads Module,46,2025-06-27
274,Reports,18,2025-06-27
24,Leads Module,36,2025-06-27
150,Reports,41,2025-06-27
445,Workflow Automation,7,2025-06-27
447,Leads Module,37,2025-06-27
146,Workflow Automation,31,2025-06-27
226,Integrations,12,2025-06-27
495,Leads Module,17,2025-06-27
482,Workflow Automation,8,2025-06-27
421,Leads Module,26,2025-06-27
252,Leads Module,37,2025-06-27
323,Leads Module,10,2025-06-27
77,Email Campaigns,20,2025-06-27
44,Reports,8,2025-06-27
286,Workflow Automation,39,2025-06-27
306,Email Campaigns,15,2025-06-27
398,Email Campaigns,25,2025-06-27
231,Workflow Automation,20,2025-06-27
441,Email Campaigns,28,2025-06-27
157,Email Campaigns,40,2025-06-27
31,Email Campaigns,48,2025-06-27
51,Reports,41,2025-06-27
109,Integrations,43,2025-06-27
42,Reports,16,2025-06-27
89,Email Campaigns,5,2025-06-27
81,Leads Module,27,2025-06-27
231,Email Campaigns,31,2025-06-27
150,Leads Module,15,2025-06-27
148,Integrations,45,2025-06-27
441,Workflow Automation,5,2025-06-27
352,Reports,17,2025-06-27
404,Email Campaigns,43,2025-06-27
412,Reports,28,2025-06-27
59,Email Campaigns,15,2025-06-27
332,Reports,18,2025-06-27
424,Reports,5,2025-06-27
31,Reports,20,2025-06-27
305,Email Campaigns,19,2025-06-27
225,Leads Module,30,2025-06-27
353,Integrations,45,2025-06-27
207,Integrations,33,2025-06-27
277,Workflow Automation,29,2025-06-27
42,Email Campaigns,3,2025-06-27
456,Workflow Automation,48,2025-06-27
166,Email Campaigns,17,2025-06-27
14,Leads Module,15,2025-06-27
493,Email Campaigns,38,2025-06-27
487,Leads Module,49,2025-06-27
345,Integrations,37,2025-06-27
21,Reports,31,2025-06-27
266,Workflow Automation,18,2025-06-27
93,Email Campaigns,28,2025-06-27
326,Workflow Automation,6,2025-06-27
241,Integrations,27,2025-06-27
171,Integrations,43,2025-06-27
54,Reports,22,2025-06-27
211,Workflow Automation,19,2025-06-27
340,Workflow Automation,49,2025-06-27
282,Leads Module,30,2025-06-27
46,Integrations,17,2025-06-27
166,Leads Module,50,2025-06-27
207,Email Campaigns,1,2025-06-27
337,Email Campaigns,30,2025-06-27
212,Leads Module,13,2025-06-27
266,Integrations,40,2025-06-27
388,Workflow Automation,41,2025-06-27
227,Leads Module,14,2025-06-27
137,Email Campaigns,9,2025-06-27
475,Integrations,29,2025-06-27
451,Workflow Automation,8,2025-06-27
15,Email Campaigns,16,2025-06-27
364,Reports,20,2025-06-27
283,Leads Module,36,2025-06-27
209,Leads Module,15,2025-06-27
431,Leads Module,30,2025-06-27
485,Leads Module,42,2025-06-27
427,Reports,32,2025-06-27
478,Integrations,33,2025-06-27
362,Integrations,27,2025-06-27
428,Workflow Automation,31,2025-06-27
125,Workflow Automation,36,2025-06-27
75,Workflow Automation,13,2025-06-27
472,Email Campaigns,33,2025-06-27
383,Reports,5,2025-06-27
142,Workflow Automation,22,2025-06-27
479,Email Campaigns,18,2025-06-27
421,Leads Module,19,2025-06-27
372,Integrations,38,2025-06-27
297,Workflow Automation,10,2025-06-27
229,Email Campaigns,31,2025-06-27
177,Integrations,36,2025-06-27
391,Email Campaigns,25,2025-06-27
234,Integrations,13,2025-06-27
358,Reports,37,2025-06-27
197,Reports,50,2025-06-27
211,Leads Module,21,2025-06-27
382,Workflow Automation,46,2025-06-27
468,Workflow Automation,25,2025-06-27
340,Reports,32,2025-06-27
494,Leads Module,9,2025-06-27
258,Email Campaigns,22,2025-06-27
446,Leads Module,29,2025-06-27
52,Email Campaigns,30,2025-06-27
8,Reports,27,2025-06-27
446,Reports,5,2025-06-27
241,Integrations,22,2025-06-27
320,Workflow Automation,42,2025-06-27
42,Integrations,44,2025-06-27
440,Email Campaigns,25,2025-06-27
489,Integrations,41,2025-06-27
368,Workflow Automation,35,2025-06-27
19,Email Campaigns,5,2025-06-27
121,Integrations,15,2025-06-27
383,Leads Module,28,2025-06-27
51,Leads Module,29,2025-06-27
86,Integrations,2,2025-06-27
24,Integrations,4,2025-06-27
151,Integrations,24,2025-06-27
221,Reports,16,2025-06-27
272,Workflow Automation,37,2025-06-27
350,Reports,11,2025-06-27
90,Leads Module,40,2025-06-27
446,Workflow Automation,40,2025-06-27
350,Reports,32,2025-06-27
468,Email Campaigns,10,2025-06-27
119,Workflow Automation,41,2025-06-27
131,Workflow Automation,17,2025-06-27
342,Leads Module,30,2025-06-27
462,Integrations,44,2025-06-27
280,Reports,5,2025-06-27
227,Integrations,38,2025-06-27
154,Workflow Automation,45,2025-06-27
129,Workflow Automation,20,2025-06-27
102,Workflow Automation,31,2025-06-27
55,Reports,25,2025-06-27
293,Integrations,37,2025-06-27
152,Integrations,2,2025-06-27
425,Workflow Automation,18,2025-06-27
5,Email Campaigns,44,2025-06-27
399,Leads Module,39,2025-06-27
382,Workflow Automation,19,2025-06-27
398,Reports,39,2025-06-27
411,Integrations,15,2025-06-27
326,Reports,40,2025-06-27
129,Reports,41,2025-06-27
50,Leads Module,20,2025-06-27
404,Workflow Automation,3,2025-06-27
297,Integrations,47,2025-06-27
68,Leads Module,19,2025-06-27
168,Workflow Automation,12,2025-06-27
103,Reports,35,2025-06-27
449,Integrations,34,2025-06-27
257,Integrations,11,2025-06-27
132,Workflow Automation,19,2025-06-27
383,Integrations,8,2025-06-27
240,Leads Module,10,2025-06-27
387,Reports,44,2025-06-27
371,Workflow Automation,36,2025-06-27
188,Leads Module,26,2025-06-27
8,Integrations,35,2025-06-27
64,Workflow Automation,24,2025-06-27
345,Integrations,38,2025-06-27
196,Integrations,7,2025-06-27
346,Reports,31,2025-06-27
13,Email Campaigns,36,2025-06-27
168,Email Campaigns,15,2025-06-27
332,Leads Module,41,2025-06-27
422,Workflow Automation,45,2025-06-27
155,Workflow Automation,8,2025-06-27
72,Leads Module,3,2025-06-27
156,Workflow Automation,8,2025-06-27
50,Reports,35,2025-06-27
70,Workflow Automation,30,2025-06-27
190,Email Campaigns,27,2025-06-27
301,Reports,27,2025-06-27
336,Leads Module,32,2025-06-27
316,Workflow Automation,18,2025-06-27
17,Integrations,14,2025-06-27
228,Workflow Automation,16,2025-06-27
438,Integrations,7,2025-06-27
352,Integrations,35,2025-06-27
462,Integrations,4,2025-06-27
204,Integrations,13,2025-06-27
496,Leads Module,30,2025-06-27
47,Reports,42,2025-06-27
328,Email Campaigns,2,2025-06-27
26,Integrations,16,2025-06-27
65,Email Campaigns,14,2025-06-27
36,Email Campaigns,14,2025-06-27
301,Reports,15,2025-06-27
169,Reports,39,2025-06-27
2,Integrations,10,2025-06-27
67,Email Campaigns,17,2025-06-27
409,Reports,8,2025-06-27
339,Leads Module,9,2025-06-27
8,Integrations,16,2025-06-27
302,Integrations,2,2025-06-27
90,Integrations,4,2025-06-27
65,Workflow Automation,34,2025-06-27
59,Leads Module,31,2025-06-27
230,Integrations,33,2025-06-27
304,Leads Module,29,2025-06-27
258,Reports,40,2025-06-27
23,Email Campaigns,20,2025-06-27
235,Leads Module,4,2025-06-27
246,Workflow Automation,28,2025-06-27
352,Leads Module,32,2025-06-27
365,Workflow Automation,5,2025-06-27
461,Leads Module,21,2025-06-27
312,Reports,5,2025-06-27
65,Integrations,40,2025-06-27
325,Email Campaigns,36,2025-06-27
365,Integrations,25,2025-06-27
306,Email Campaigns,19,2025-06-27
233,Email Campaigns,39,2025-06-27
221,Leads Module,45,2025-06-27
59,Email Campaigns,47,2025-06-27
444,Reports,28,2025-06-27
232,Reports,27,2025-06-27
174,Workflow Automation,26,2025-06-27
213,Leads Module,21,2025-06-27
219,Integrations,43,2025-06-27
131,Integrations,10,2025-06-27
352,Workflow Automation,5,2025-06-27
47,Leads Module,6,2025-06-27
222,Leads Module,48,2025-06-27
379,Integrations,9,2025-06-27
285,Leads Module,38,2025-06-27
490,Email Campaigns,36,2025-06-27
169,Leads Module,27,2025-06-27
182,Workflow Automation,47,2025-06-27
27,Integrations,39,2025-06-27
160,Integrations,7,2025-06-27
296,Email Campaigns,14,2025-06-27
80,Workflow Automation,15,2025-06-27
434,Leads Module,23,2025-06-27
433,Email Campaigns,24,2025-06-27
59,Integrations,37,2025-06-27
116,Workflow Automation,36,2025-06-27
499,Email Campaigns,40,2025-06-27
346,Email Campaigns,2,2025-06-27
312,Integrations,2,2025-06-27
93,Integrations,45,2025-06-27
391,Integrations,22,2025-06-27
180,Leads Module,12,2025-06-27
446,Reports,37,2025-06-27
337,Workflow Automation,5,2025-06-27
73,Leads Module,6,2025-06-27
383,Email Campaigns,14,2025-06-27
193,Workflow Automation,30,2025-06-27
175,Reports,24,2025-06-27
160,Integrations,50,2025-06-27
483,Email Campaigns,39,2025-06-27
44,Leads Module,10,2025-06-27
81,Email Campaigns,4,2025-06-27
346,Leads Module,18,2025-06-27
227,Workflow Automation,32,2025-06-27
311,Workflow Automation,27,2025-06-27
140,Reports,49,2025-06-27
263,Leads Module,23,2025-06-27
221,Leads Module,19,2025-06-27
348,Email Campaigns,32,2025-06-27
270,Integrations,3,2025-06-27
113,Workflow Automation,39,2025-06-27
29,Leads Module,14,2025-06-27
155,Reports,50,2025-06-27
71,Integrations,19,2025-06-27
168,Leads Module,1,2025-06-27
255,Workflow Automation,12,2025-06-27
67,Workflow Automation,35,2025-06-27
361,Reports,33,2025-06-27
287,Integrations,5,2025-06-27
204,Leads Module,28,2025-06-27
10,Workflow Automation,5,2025-06-27
442,Integrations,37,2025-06-27
220,Email Campaigns,26,2025-06-27
364,Workflow Automation,19,2025-06-27
59,Workflow Automation,2,2025-06-27
495,Integrations,11,2025-06-27
411,Email Campaigns,30,2025-06-27
426,Integrations,6,2025-06-27
224,Leads Module,16,2025-06-27
224,Email Campaigns,26,2025-06-27
269,Leads Module,26,2025-06-27
446,Integrations,48,2025-06-27
174,Reports,22,2025-06-27
399,Reports,5,2025-06-27
262,Leads Module,34,2025-06-27
262,Reports,50,2025-06-27
179,Integrations,47,2025-06-27
491,Reports,16,2025-06-27
53,Reports,17,2025-06-27
102,Reports,39,2025-06-27
79,Leads Module,12,2025-06-27
488,Workflow Automation,30,2025-06-27
387,Email Campaigns,49,2025-06-27
297,Workflow Automation,44,2025-06-27
474,Email Campaigns,42,2025-06-27
326,Email Campaigns,21,2025-06-27
443,Integrations,10,2025-06-27
226,Leads Module,31,2025-06-27
227,Integrations,18,2025-06-27
303,Leads Module,23,2025-06-27
260,Leads Module,20,2025-06-27
237,Workflow Automation,3,2025-06-27
30,Integrations,19,2025-06-27
40,Leads Module,40,2025-06-27
305,Email Campaigns,25,2025-06-27
237,Email Campaigns,36,2025-06-27
489,Leads Module,29,2025-06-27
466,Email Campaigns,42,2025-06-27
97,Integrations,39,2025-06-27
244,Email Campaigns,10,2025-06-27
491,Leads Module,29,2025-06-27
53,Integrations,46,2025-06-27
44,Email Campaigns,42,2025-06-27
89,Leads Module,16,2025-06-27
363,Workflow Automation,29,2025-06-27
269,Email Campaigns,40,2025-06-27
82,Integrations,24,2025-06-27
470,Integrations,25,2025-06-27
210,Integrations,44,2025-06-27
307,Leads Module,41,2025-06-27
332,Integrations,5,2025-06-27
169,Leads Module,36,2025-06-27
348,Workflow Automation,19,2025-06-27
130,Email Campaigns,10,2025-06-27
171,Leads Module,38,2025-06-27
340,Reports,23,2025-06-27
159,Workflow Automation,9,2025-06-27
305,Leads Module,20,2025-06-27
287,Workflow Automation,42,2025-06-27
406,Integrations,9,2025-06-27
344,Email Campaigns,6,2025-06-27
331,Workflow Automation,33,2025-06-27
186,Leads Module,24,2025-06-27
159,Reports,14,2025-06-27
175,Workflow Automation,13,2025-06-27
116,Reports,10,2025-06-27
40,Integrations,7,2025-06-27
260,Email Campaigns,48,2025-06-27
453,Email Campaigns,3,2025-06-27
339,Integrations,50,2025-06-27
317,Reports,39,2025-06-27
193,Reports,11,2025-06-27
93,Email Campaigns,11,2025-06-27
370,Workflow Automation,3,2025-06-27
211,Integrations,44,2025-06-27
369,Reports,29,2025-06-27
313,Integrations,49,2025-06-27
384,Workflow Automation,15,2025-06-27
274,Reports,20,2025-06-27
495,Workflow Automation,13,2025-06-27
189,Email Campaigns,29,2025-06-27
237,Integrations,50,2025-06-27
196,Email Campaigns,34,2025-06-27
215,Reports,13,2025-06-27
411,Email Campaigns,9,2025-06-27
447,Integrations,4,2025-06-27
329,Workflow Automation,24,2025-06-27
284,Leads Module,46,2025-06-27
434,Email Campaigns,8,2025-06-27
146,Leads Module,49,2025-06-27
83,Integrations,29,2025-06-27
464,Email Campaigns,10,2025-06-27
426,Workflow Automation,6,2025-06-27
485,Reports,29,2025-06-27
453,Integrations,2,2025-06-27
213,Leads Module,26,2025-06-27
258,Integrations,16,2025-06-27
198,Leads Module,24,2025-06-27
115,Leads Module,21,2025-06-27
477,Leads Module,46,2025-06-27
333,Integrations,10,2025-06-27
71,Leads Module,19,2025-06-27
470,Workflow Automation,45,2025-06-27
426,Reports,49,2025-06-27
362,Workflow Automation,29,2025-06-27
316,Leads Module,6,2025-06-27
10,Integrations,14,2025-06-27
428,Reports,36,2025-06-27
482,Email Campaigns,34,2025-06-27
217,Leads Module,50,2025-06-27
148,Reports,20,2025-06-27
63,Leads Module,16,2025-06-27
215,Email Campaigns,30,2025-06-27
33,Leads Module,32,2025-06-27
306,Email Campaigns,2,2025-06-27
324,Email Campaigns,37,2025-06-27
124,Reports,19,2025-06-27
220,Leads Module,40,2025-06-27
181,Reports,37,2025-06-27
214,Reports,43,2025-06-27
343,Leads Module,34,2025-06-27
500,Integrations,5,2025-06-27
489,Email Campaigns,35,2025-06-27
260,Email Campaigns,36,2025-06-27
11,Workflow Automation,31,2025-06-27
23,Workflow Automation,24,2025-06-27
130,Leads Module,23,2025-06-27
404,Leads Module,23,2025-06-27
124,Leads Module,50,2025-06-27
298,Integrations,9,2025-06-27
23,Integrations,35,2025-06-27
174,Reports,50,2025-06-27
351,Workflow Automation,45,2025-06-27
246,Reports,9,2025-06-27
33,Workflow Automation,3,2025-06-27
151,Reports,3,2025-06-27
406,Reports,3,2025-06-27
162,Integrations,33,2025-06-27
204,Email Campaigns,31,2025-06-27
130,Leads Module,49,2025-06-27
332,Reports,19,2025-06-27
183,Leads Module,42,2025-06-27
170,Integrations,8,2025-06-27
410,Integrations,28,2025-06-27
456,Workflow Automation,48,2025-06-27
226,Workflow Automation,22,2025-06-27
499,Reports,32,2025-06-27
355,Workflow Automation,24,2025-06-27
474,Email Campaigns,18,2025-06-27
411,Leads Module,47,2025-06-27
218,Leads Module,28,2025-06-27
309,Reports,35,2025-06-27
151,Integrations,7,2025-06-27
41,Integrations,43,2025-06-27
152,Integrations,29,2025-06-27
309,Workflow Automation,11,2025-06-27
354,Workflow Automation,23,2025-06-27
229,Leads Module,47,2025-06-27
446,Integrations,40,2025-06-27
223,Integrations,41,2025-06-27
406,Leads Module,5,2025-06-27
344,Workflow Automation,24,2025-06-27
263,Reports,2,2025-06-27
74,Email Campaigns,44,2025-06-27
401,Workflow Automation,3,2025-06-27
65,Leads Module,16,2025-06-27
399,Integrations,24,2025-06-27
197,Email Campaigns,3,2025-06-27
310,Reports,44,2025-06-27
231,Integrations,24,2025-06-27
228,Leads Module,37,2025-06-27
71,Email Campaigns,24,2025-06-27
204,Integrations,42,2025-06-27
143,Reports,8,2025-06-27
14,Reports,32,2025-06-27
266,Workflow Automation,36,2025-06-27
61,Integrations,50,2025-06-27
134,Workflow Automation,14,2025-06-27
314,Integrations,45,2025-06-27
470,Workflow Automation,13,2025-06-27
63,Reports,5,2025-06-27
232,Reports,46,2025-06-27
228,Leads Module,44,2025-06-27
496,Integrations,43,2025-06-27
178,Leads Module,36,2025-06-27
278,Integrations,20,2025-06-27
436,Reports,46,2025-06-27
364,Reports,24,2025-06-27
261,Reports,8,2025-06-27
103,Reports,16,2025-06-27
405,Workflow Automation,2,2025-06-27
185,Email Campaigns,37,2025-06-27
189,Workflow Automation,36,2025-06-27
67,Email Campaigns,6,2025-06-27
34,Integrations,26,2025-06-27
368,Workflow Automation,34,2025-06-27
211,Workflow Automation,37,2025-06-27
38,Reports,21,2025-06-27
329,Leads Module,29,2025-06-27
239,Email Campaigns,23,2025-06-27
66,Email Campaigns,41,2025-06-27
301,Reports,50,2025-06-27
495,Reports,28,2025-06-27
258,Leads Module,8,2025-06-27
266,Reports,20,2025-06-27
85,Reports,21,2025-06-27
479,Reports,23,2025-06-27
486,Email Campaigns,19,2025-06-27
434,Leads Module,17,2025-06-27
101,Email Campaigns,18,2025-06-27
65,Integrations,40,2025-06-27
274,Leads Module,33,2025-06-27
329,Reports,38,2025-06-27
483,Email Campaigns,10,2025-06-27
88,Email Campaigns,47,2025-06-27
462,Email Campaigns,22,2025-06-27
432,Email Campaigns,3,2025-06-27
423,Leads Module,6,2025-06-27
24,Email Campaigns,17,2025-06-27
334,Reports,50,2025-06-27
293,Workflow Automation,40,2025-06-27
328,Leads Module,32,2025-06-27
456,Email Campaigns,19,2025-06-27
329,Integrations,31,2025-06-27
126,Workflow Automation,20,2025-06-27
233,Leads Module,45,2025-06-27
31,Reports,29,2025-06-27
213,Workflow Automation,30,2025-06-27
105,Integrations,39,2025-06-27
74,Integrations,46,2025-06-27
164,Integrations,26,2025-06-27
67,Integrations,33,2025-06-27
288,Leads Module,21,2025-06-27
124,Workflow Automation,8,2025-06-27
137,Workflow Automation,16,2025-06-27
73,Leads Module,4,2025-06-27
149,Workflow Automation,40,2025-06-27
215,Reports,11,2025-06-27
417,Integrations,37,2025-06-27
370,Integrations,13,2025-06-27
391,Reports,32,2025-06-27
264,Workflow Automation,32,2025-06-27
451,Integrations,32,2025-06-27
12,Leads Module,26,2025-06-27
259,Workflow Automation,16,2025-06-27
111,Email Campaigns,23,2025-06-27
25,Leads Module,19,2025-06-27
254,Email Campaigns,42,2025-06-27
345,Workflow Automation,19,2025-06-27
275,Leads Module,7,2025-06-27
221,Reports,17,2025-06-27
373,Integrations,49,2025-06-27
207,Integrations,3,2025-06-27
206,Leads Module,37,2025-06-27
288,Reports,24,2025-06-27
284,Integrations,5,2025-06-27
198,Email Campaigns,29,2025-06-27
392,Email Campaigns,18,2025-06-27
423,Email Campaigns,44,2025-06-27
313,Leads Module,9,2025-06-27
500,Leads Module,26,2025-06-27
192,Integrations,36,2025-06-27
481,Integrations,49,2025-06-27
74,Reports,39,2025-06-27
261,Workflow Automation,33,2025-06-27
21,Leads Module,3,2025-06-27
71,Integrations,31,2025-06-27
266,Workflow Automation,10,2025-06-27
311,Email Campaigns,9,2025-06-27
168,Email Campaigns,21,2025-06-27
84,Workflow Automation,40,2025-06-27
379,Integrations,38,2025-06-27
173,Email Campaigns,33,2025-06-27
273,Workflow Automation,46,2025-06-27
289,Integrations,31,2025-06-27
418,Leads Module,24,2025-06-27
170,Leads Module,27,2025-06-27
299,Integrations,47,2025-06-27
447,Leads Module,39,2025-06-27
243,Integrations,42,2025-06-27
401,Email Campaigns,37,2025-06-27
117,Leads Module,38,2025-06-27
246,Reports,34,2025-06-27
323,Email Campaigns,50,2025-06-27
431,Workflow Automation,10,2025-06-27
421,Reports,3,2025-06-27
294,Leads Module,13,2025-06-27
10,Workflow Automation,21,2025-06-27
215,Reports,27,2025-06-27
354,Reports,27,2025-06-27
257,Email Campaigns,31,2025-06-27
447,Leads Module,46,2025-06-27
71,Email Campaigns,14,2025-06-27
288,Integrations,43,2025-06-27
245,Email Campaigns,25,2025-06-27
161,Reports,30,2025-06-27
468,Email Campaigns,22,2025-06-27
280,Integrations,44,2025-06-27
396,Integrations,40,2025-06-27
248,Reports,16,2025-06-27
143,Email Campaigns,20,2025-06-27
116,Integrations,50,2025-06-27
148,Reports,45,2025-06-27
361,Workflow Automation,21,2025-06-27
246,Integrations,36,2025-06-27
479,Integrations,19,2025-06-27
63,Email Campaigns,44,2025-06-27
279,Workflow Automation,26,2025-06-27
420,Integrations,50,2025-06-27
412,Reports,19,2025-06-27
22,Integrations,46,2025-06-27
41,Integrations,29,2025-06-27
336,Integrations,48,2025-06-27
246,Reports,13,2025-06-27
424,Email Campaigns,18,2025-06-27
478,Email Campaigns,45,2025-06-27
140,Reports,7,2025-06-27
316,Email Campaigns,16,2025-06-27
125,Leads Module,43,2025-06-27
464,Email Campaigns,15,2025-06-27
327,Reports,4,2025-06-27
52,Workflow Automation,22,2025-06-27
368,Workflow Automation,7,2025-06-27
349,Reports,1,2025-06-27
494,Email Campaigns,11,2025-06-27
209,Workflow Automation,31,2025-06-27
334,Reports,49,2025-06-27
494,Integrations,21,2025-06-27
147,Leads Module,50,2025-06-27
46,Email Campaigns,15,2025-06-27
274,Leads Module,12,2025-06-27
214,Reports,3,2025-06-27
429,Workflow Automation,32,2025-06-27
96,Integrations,3,2025-06-27
5,Integrations,37,2025-06-27
309,Leads Module,22,2025-06-27
146,Workflow Automation,42,2025-06-27
279,Email Campaigns,32,2025-06-27
456,Reports,33,2025-06-27
240,Integrations,13,2025-06-27
415,Leads Module,22,2025-06-27
84,Workflow Automation,42,2025-06-27
132,Reports,1,2025-06-27
378,Integrations,19,2025-06-27
291,Reports,12,2025-06-27
313,Workflow Automation,28,2025-06-27
264,Integrations,6,2025-06-27
206,Leads Module,12,2025-06-27
72,Workflow Automation,21,2025-06-27
480,Reports,1,2025-06-27
134,Workflow Automation,16,2025-06-27
229,Integrations,22,2025-06-27
155,Email Campaigns,47,2025-06-27
294,Leads Module,17,2025-06-27
335,Integrations,45,2025-06-27
121,Leads Module,43,2025-06-27
61,Workflow Automation,20,2025-06-27
82,Workflow Automation,44,2025-06-27
258,Integrations,45,2025-06-27
61,Integrations,24,2025-06-27
315,Reports,15,2025-06-27
491,Reports,31,2025-06-27
79,Workflow Automation,48,2025-06-27
311,Integrations,27,2025-06-27
360,Email Campaigns,31,2025-06-27
388,Email Campaigns,43,2025-06-27
423,Reports,49,2025-06-27
127,Email Campaigns,6,2025-06-27
270,Workflow Automation,34,2025-06-27
361,Integrations,5,2025-06-27
470,Email Campaigns,8,2025-06-27
32,Email Campaigns,33,2025-06-27
104,Email Campaigns,35,2025-06-27
77,Reports,21,2025-06-27
438,Email Campaigns,29,2025-06-27
60,Reports,46,2025-06-27
299,Workflow Automation,6,2025-06-27
461,Email Campaigns,29,2025-06-27
415,Leads Module,30,2025-06-27
68,Email Campaigns,27,2025-06-27
234,Email Campaigns,4,2025-06-27
287,Workflow Automation,44,2025-06-27
414,Integrations,47,2025-06-27
12,Workflow Automation,17,2025-06-27
419,Leads Module,48,2025-06-27
112,Email Campaigns,5,2025-06-27
24,Workflow Automation,23,2025-06-27
359,Leads Module,35,2025-06-27
31,Leads Module,31,2025-06-27
17,Integrations,27,2025-06-27
93,Reports,50,2025-06-27
329,Workflow Automation,24,2025-06-27
457,Workflow Automation,29,2025-06-27
446,Workflow Automation,25,2025-06-27
42,Email Campaigns,9,2025-06-27
335,Integrations,8,2025-06-27
92,Email Campaigns,26,2025-06-27
271,Reports,47,2025-06-27
115,Leads Module,49,2025-06-27
12,Integrations,30,2025-06-27
345,Email Campaigns,28,2025-06-27
273,Workflow Automation,15,2025-06-27
127,Workflow Automation,23,2025-06-27
80,Integrations,13,2025-06-27
480,Leads Module,3,2025-06-27
415,Workflow Automation,40,2025-06-27
393,Leads Module,16,2025-06-27
106,Leads Module,7,2025-06-27
305,Leads Module,29,2025-06-27
307,Leads Module,16,2025-06-27
380,Leads Module,26,2025-06-27
225,Reports,35,2025-06-27
112,Leads Module,9,2025-06-27
258,Integrations,15,2025-06-27
418,Email Campaigns,21,2025-06-27
296,Email Campaigns,50,2025-06-27
345,Integrations,16,2025-06-27
155,Reports,43,2025-06-27
267,Reports,27,2025-06-27
154,Integrations,4,2025-06-27
286,Email Campaigns,48,2025-06-27
467,Reports,41,2025-06-27
348,Workflow Automation,36,2025-06-27
254,Leads Module,23,2025-06-27
483,Workflow Automation,34,2025-06-27
164,Workflow Automation,27,2025-06-27
77,Integrations,25,2025-06-27
95,Email Campaigns,31,2025-06-27
124,Reports,20,2025-06-27
440,Reports,30,2025-06-27
469,Leads Module,36,2025-06-27
212,Workflow Automation,36,2025-06-27
272,Reports,25,2025-06-27
125,Integrations,14,2025-06-27
170,Leads Module,29,2025-06-27
434,Integrations,6,2025-06-27
275,Reports,4,2025-06-27
138,Workflow Automation,44,2025-06-27
310,Email Campaigns,3,2025-06-27
448,Leads Module,13,2025-06-27
412,Email Campaigns,47,2025-06-27
344,Email Campaigns,14,2025-06-27
246,Reports,22,2025-06-27
156,Leads Module,14,2025-06-27
480,Reports,48,2025-06-27
61,Workflow Automation,16,2025-06-27
357,Email Campaigns,46,2025-06-27
105,Workflow Automation,16,2025-06-27
283,Integrations,50,2025-06-27
145,Workflow Automation,30,2025-06-27
274,Integrations,20,2025-06-27
134,Integrations,33,2025-06-27
452,Workflow Automation,30,2025-06-27
51,Workflow Automation,49,2025-06-27
430,Integrations,14,2025-06-27
190,Integrations,27,2025-06-27
24,Email Campaigns,15,2025-06-27
380,Reports,2,2025-06-27
134,Email Campaigns,38,2025-06-27
297,Workflow Automation,19,2025-06-27
79,Reports,22,2025-06-27
118,Workflow Automation,37,2025-06-27
427,Reports,32,2025-06-27
282,Integrations,17,2025-06-27
391,Workflow Automation,47,2025-06-27
329,Workflow Automation,30,2025-06-27
87,Integrations,11,2025-06-27
72,Email Campaigns,32,2025-06-27
95,Email Campaigns,42,2025-06-27
491,Leads Module,34,2025-06-27
18,Leads Module,43,2025-06-27
25,Leads Module,27,2025-06-27
71,Reports,5,2025-06-27
363,Reports,1,2025-06-27
112,Email Campaigns,30,2025-06-27
192,Leads Module,40,2025-06-27
327,Email Campaigns,31,2025-06-27
338,Workflow Automation,2,2025-06-27
4,Email Campaigns,36,2025-06-27
211,Leads Module,2,2025-06-27
272,Integrations,35,2025-06-27
147,Leads Module,33,2025-06-27
417,Workflow Automation,12,2025-06-27
55,Leads Module,34,2025-06-27
77,Reports,13,2025-06-27
318,Email Campaigns,17,2025-06-27
418,Integrations,18,2025-06-27
408,Workflow Automation,6,2025-06-27
192,Workflow Automation,30,2025-06-27
290,Reports,45,2025-06-27
116,Integrations,44,2025-06-27
424,Leads Module,42,2025-06-27
440,Leads Module,6,2025-06-27
208,Workflow Automation,25,2025-06-27
283,Workflow Automation,4,2025-06-27
327,Leads Module,45,2025-06-27
88,Leads Module,32,2025-06-27
433,Workflow Automation,42,2025-06-27
402,Integrations,37,2025-06-27
440,Leads Module,34,2025-06-27
471,Leads Module,15,2025-06-27
109,Email Campaigns,31,2025-06-27
139,Leads Module,5,2025-06-27
351,Integrations,35,2025-06-27
289,Leads Module,12,2025-06-27
476,Integrations,2,2025-06-27
493,Reports,38,2025-06-27
74,Workflow Automation,5,2025-06-27
154,Reports,37,2025-06-27
124,Email Campaigns,25,2025-06-27
347,Email Campaigns,22,2025-06-27
197,Reports,45,2025-06-27
371,Leads Module,33,2025-06-27
382,Integrations,4,2025-06-27
51,Workflow Automation,15,2025-06-27
430,Leads Module,22,2025-06-27
310,Email Campaigns,39,2025-06-27
204,Integrations,2,2025-06-27
325,Integrations,29,2025-06-27
252,Reports,23,2025-06-27
284,Workflow Automation,28,2025-06-27
96,Email Campaigns,43,2025-06-27
195,Leads Module,50,2025-06-27
317,Integrations,16,2025-06-27
366,Leads Module,6,2025-06-27
138,Reports,25,2025-06-27
365,Reports,48,2025-06-27
200,Integrations,24,2025-06-27
55,Leads Module,1,2025-06-27
483,Integrations,29,2025-06-27
185,Integrations,7,2025-06-27
68,Leads Module,12,2025-06-27
221,Workflow Automation,36,2025-06-27
285,Email Campaigns,27,2025-06-27
53,Leads Module,6,2025-06-27
182,Email Campaigns,6,2025-06-27
306,Email Campaigns,21,2025-06-27
443,Workflow Automation,1,2025-06-27
150,Workflow Automation,25,2025-06-27
399,Leads Module,47,2025-06-27
462,Email Campaigns,16,2025-06-27
293,Email Campaigns,11,2025-06-27
351,Workflow Automation,11,2025-06-27
72,Integrations,20,2025-06-27
138,Workflow Automation,10,2025-06-27
33,Reports,28,2025-06-27
142,Workflow Automation,20,2025-06-27
248,Leads Module,24,2025-06-27
129,Reports,47,2025-06-27
321,Workflow Automation,39,2025-06-27
316,Reports,30,2025-06-27
55,Reports,20,2025-06-27
4,Workflow Automation,22,2025-06-27
431,Email Campaigns,25,2025-06-27
412,Integrations,29,2025-06-27
172,Workflow Automation,42,2025-06-27
499,Email Campaigns,9,2025-06-27
154,Integrations,39,2025-06-27
486,Reports,31,2025-06-27
161,Reports,26,2025-06-27
496,Integrations,19,2025-06-27
377,Workflow Automation,37,2025-06-27
401,Reports,21,2025-06-27
193,Integrations,26,2025-06-27
187,Leads Module,37,2025-06-27
103,Email Campaigns,35,2025-06-27
93,Email Campaigns,2,2025-06-27
488,Workflow Automation,46,2025-06-27
108,Workflow Automation,19,2025-06-27
426,Leads Module,27,2025-06-27
345,Workflow Automation,9,2025-06-27
325,Integrations,16,2025-06-27
130,Reports,46,2025-06-27
217,Workflow Automation,5,2025-06-27
230,Email Campaigns,31,2025-06-27
299,Workflow Automation,35,2025-06-27
260,Workflow Automation,35,2025-06-27
19,Integrations,45,2025-06-27
459,Email Campaigns,39,2025-06-27
327,Leads Module,7,2025-06-27
394,Reports,43,2025-06-27
341,Integrations,11,2025-06-27
332,Email Campaigns,3,2025-06-27
289,Workflow Automation,49,2025-06-27
170,Workflow Automation,7,2025-06-27
6,Leads Module,17,2025-06-27
114,Email Campaigns,48,2025-06-27
266,Email Campaigns,38,2025-06-27
353,Email Campaigns,15,2025-06-27
229,Integrations,26,2025-06-27
238,Email Campaigns,45,2025-06-27
257,Reports,23,2025-06-27
13,Workflow Automation,7,2025-06-27
152,Workflow Automation,6,2025-06-27
60,Reports,23,2025-06-27
160,Integrations,30,2025-06-27
402,Reports,34,2025-06-27
248,Integrations,31,2025-06-27
50,Workflow Automation,47,2025-06-27
357,Workflow Automation,21,2025-06-27
35,Integrations,3,2025-06-28
415,Leads Module,2,2025-06-27
435,Integrations,42,2025-06-27
56,Reports,48,2025-06-27
125,Email Campaigns,12,2025-06-27
283,Reports,22,2025-06-27
287,Workflow Automation,30,2025-06-27
119,Workflow Automation,41,2025-06-27
95,Reports,41,2025-06-27
337,Workflow Automation,26,2025-06-27
15,Email Campaigns,13,2025-06-27
231,Email Campaigns,28,2025-06-27
200,Leads Module,46,2025-06-27
110,Reports,18,2025-06-27
386,Leads Module,37,2025-06-27
53,Email Campaigns,12,2025-06-27
188,Integrations,13,2025-06-27
235,Leads Module,17,2025-06-27
344,Workflow Automation,34,2025-06-27
495,Integrations,39,2025-06-27
199,Email Campaigns,26,2025-06-27
301,Leads Module,23,2025-06-27
181,Workflow Automation,40,2025-06-27
89,Integrations,40,2025-06-27
303,Leads Module,44,2025-06-27
69,Integrations,8,2025-06-27
123,Integrations,8,2025-06-27
94,Integrations,45,2025-06-27
73,Email Campaigns,25,2025-06-27
215,Email Campaigns,9,2025-06-27
295,Workflow Automation,28,2025-06-27
96,Workflow Automation,41,2025-06-27
276,Reports,36,2025-06-27
86,Workflow Automation,19,2025-06-27
72,Reports,21,2025-06-27
432,Workflow Automation,40,2025-06-27
28,Integrations,1,2025-06-27
249,Reports,13,2025-06-27
418,Workflow Automation,36,2025-06-27
259,Workflow Automation,27,2025-06-27
351,Workflow Automation,27,2025-06-27
364,Workflow Automation,32,2025-06-27
86,Leads Module,37,2025-06-27
16,Reports,19,2025-06-27
17,Integrations,15,2025-06-27
276,Integrations,11,2025-06-27
400,Workflow Automation,37,2025-06-27
381,Workflow Automation,36,2025-06-27
262,Leads Module,37,2025-06-27
59,Integrations,50,2025-06-27
279,Integrations,35,2025-06-27
422,Leads Module,49,2025-06-27
369,Workflow Automation,35,2025-06-27
112,Workflow Automation,7,2025-06-27
377,Reports,20,2025-06-27
448,Leads Module,29,2025-06-27
135,Integrations,6,2025-06-27
225,Leads Module,50,2025-06-27
416,Reports,14,2025-06-27
416,Email Campaigns,45,2025-06-27
180,Email Campaigns,41,2025-06-27
220,Reports,40,2025-06-27
72,Reports,14,2025-06-27
413,Leads Module,37,2025-06-27
180,Email Campaigns,18,2025-06-27
306,Email Campaigns,11,2025-06-27
166,Integrations,19,2025-06-27
294,Integrations,33,2025-06-27
461,Leads Module,9,2025-06-27
493,Workflow Automation,4,2025-06-27
142,Reports,45,2025-06-27
444,Reports,16,2025-06-27
75,Integrations,16,2025-06-27
390,Workflow Automation,32,2025-06-27
73,Email Campaigns,41,2025-06-27
138,Workflow Automation,25,2025-06-27
232,Leads Module,41,2025-06-27
407,Leads Module,26,2025-06-27
264,Integrations,45,2025-06-27
480,Integrations,30,2025-06-27
487,Workflow Automation,21,2025-06-27
298,Leads Module,50,2025-06-27
434,Leads Module,47,2025-06-27
498,Workflow Automation,41,2025-06-27
341,Integrations,5,2025-06-27
408,Email Campaigns,26,2025-06-27
112,Workflow Automation,14,2025-06-27
254,Integrations,21,2025-06-27
425,Integrations,22,2025-06-27
281,Email Campaigns,9,2025-06-27
290,Workflow Automation,22,2025-06-27
458,Leads Module,3,2025-06-27
51,Workflow Automation,2,2025-06-27
64,Reports,29,2025-06-27
234,Leads Module,28,2025-06-27
104,Reports,42,2025-06-27
155,Reports,18,2025-06-27
48,Integrations,17,2025-06-27
43,Integrations,43,2025-06-27
463,Reports,4,2025-06-27
203,Integrations,47,2025-06-27
359,Reports,28,2025-06-27
336,Leads Module,46,2025-06-27
49,Leads Module,14,2025-06-27
245,Leads Module,9,2025-06-27
304,Reports,34,2025-06-27
349,Workflow Automation,1,2025-06-27
5,Integrations,8,2025-06-27
441,Workflow Automation,45,2025-06-27
68,Workflow Automation,5,2025-06-27
118,Workflow Automation,6,2025-06-27
375,Leads Module,7,2025-06-27
161,Integrations,20,2025-06-27
71,Workflow Automation,50,2025-06-27
417,Reports,42,2025-06-27
347,Reports,5,2025-06-27
272,Email Campaigns,1,2025-06-27
313,Reports,29,2025-06-27
180,Reports,41,2025-06-27
384,Reports,27,2025-06-27
316,Workflow Automation,14,2025-06-27
45,Leads Module,9,2025-06-27
386,Leads Module,38,2025-06-27
374,Workflow Automation,23,2025-06-27
494,Workflow Automation,21,2025-06-27
406,Reports,16,2025-06-27
142,Leads Module,16,2025-06-27
284,Email Campaigns,39,2025-06-27
370,Email Campaigns,19,2025-06-27
399,Leads Module,43,2025-06-27
449,Integrations,14,2025-06-27
266,Email Campaigns,33,2025-06-27
97,Workflow Automation,19,2025-06-27
331,Leads Module,16,2025-06-27
254,Workflow Automation,8,2025-06-27
124,Workflow Automation,41,2025-06-27
305,Leads Module,34,2025-06-27
456,Leads Module,24,2025-06-27
479,Integrations,9,2025-06-27
199,Email Campaigns,27,2025-06-27
188,Email Campaigns,44,2025-06-27
89,Workflow Automation,50,2025-06-27
38,Leads Module,38,2025-06-27
35,Leads Module,17,2025-06-27
111,Leads Module,4,2025-06-27
486,Workflow Automation,33,2025-06-27
147,Email Campaigns,50,2025-06-27
213,Workflow Automation,45,2025-06-27
206,Leads Module,41,2025-06-27
275,Email Campaigns,40,2025-06-27
79,Integrations,6,2025-06-27
159,Leads Module,33,2025-06-27
472,Reports,10,2025-06-27
275,Integrations,26,2025-06-27
301,Leads Module,20,2025-06-27
358,Workflow Automation,47,2025-06-27
489,Reports,4,2025-06-27
126,Leads Module,28,2025-06-27
60,Workflow Automation,40,2025-06-27
312,Leads Module,20,2025-06-27
342,Reports,8,2025-06-27
7,Reports,45,2025-06-27
6,Reports,32,2025-06-27
488,Integrations,34,2025-06-27
265,Integrations,11,2025-06-27
191,Reports,48,2025-06-27
400,Integrations,47,2025-06-27
454,Leads Module,50,2025-06-27
461,Leads Module,22,2025-06-27
414,Workflow Automation,18,2025-06-27
269,Leads Module,17,2025-06-27
365,Email Campaigns,41,2025-06-27
40,Workflow Automation,30,2025-06-27
262,Integrations,4,2025-06-27
256,Email Campaigns,11,2025-06-27
189,Reports,17,2025-06-27
396,Leads Module,37,2025-06-27
346,Leads Module,15,2025-06-27
380,Email Campaigns,1,2025-06-27
23,Leads Module,16,2025-06-27
24,Workflow Automation,24,2025-06-27
197,Reports,12,2025-06-27
477,Leads Module,36,2025-06-27
412,Workflow Automation,15,2025-06-27
165,Reports,27,2025-06-27
469,Integrations,18,2025-06-27
423,Leads Module,37,2025-06-27
191,Leads Module,33,2025-06-27
345,Leads Module,12,2025-06-27
115,Email Campaigns,3,2025-06-27
489,Workflow Automation,5,2025-06-27
450,Workflow Automation,19,2025-06-27
397,Integrations,21,2025-06-27
45,Email Campaigns,30,2025-06-27
5,Integrations,13,2025-06-27
150,Email Campaigns,20,2025-06-27
379,Email Campaigns,16,2025-06-27
238,Integrations,38,2025-06-27
498,Workflow Automation,50,2025-06-27
398,Reports,47,2025-06-27
462,Email Campaigns,49,2025-06-27
408,Reports,10,2025-06-27
4,Workflow Automation,2,2025-06-27
120,Email Campaigns,23,2025-06-27
326,Leads Module,22,2025-06-27
1,Workflow Automation,48,2025-06-27
373,Integrations,7,2025-06-27
106,Email Campaigns,16,2025-06-27
215,Workflow Automation,4,2025-06-27
498,Reports,46,2025-06-27
144,Leads Module,3,2025-06-27
472,Reports,34,2025-06-27
212,Integrations,30,2025-06-27
499,Leads Module,38,2025-06-27
49,Email Campaigns,9,2025-06-27
327,Workflow Automation,5,2025-06-27
304,Email Campaigns,4,2025-06-27
223,Reports,16,2025-06-27
150,Integrations,21,2025-06-27
475,Workflow Automation,45,2025-06-27
426,Integrations,21,2025-06-27
232,Integrations,15,2025-06-27
39,Reports,9,2025-06-27
400,Email Campaigns,7,2025-06-27
80,Leads Module,11,2025-06-27
231,Workflow Automation,21,2025-06-27
209,Leads Module,35,2025-06-27
184,Reports,29,2025-06-27
158,Workflow Automation,17,2025-06-27
437,Leads Module,6,2025-06-27
81,Integrations,46,2025-06-27
357,Email Campaigns,3,2025-06-27
111,Integrations,10,2025-06-27
47,Reports,23,2025-06-27
203,Email Campaigns,4,2025-06-27
347,Integrations,17,2025-06-27
420,Reports,2,2025-06-27
488,Workflow Automation,29,2025-06-27
285,Email Campaigns,16,2025-06-27
49,Workflow Automation,7,2025-06-27
412,Reports,8,2025-06-27
7,Leads Module,50,2025-06-27
114,Reports,13,2025-06-27
422,Workflow Automation,24,2025-06-27
352,Leads Module,38,2025-06-27
301,Integrations,5,2025-06-27
12,Leads Module,13,2025-06-27
463,Workflow Automation,9,2025-06-27
48,Integrations,8,2025-06-27
22,Workflow Automation,4,2025-06-27
87,Email Campaigns,28,2025-06-27
421,Workflow Automation,32,2025-06-27
16,Workflow Automation,44,2025-06-27
219,Reports,23,2025-06-27
110,Reports,18,2025-06-27
144,Workflow Automation,10,2025-06-27
18,Email Campaigns,40,2025-06-27
316,Reports,42,2025-06-27
152,Workflow Automation,27,2025-06-27
452,Email Campaigns,31,2025-06-27
32,Leads Module,18,2025-06-27
197,Reports,27,2025-06-27
103,Email Campaigns,16,2025-06-27
323,Email Campaigns,2,2025-06-27
196,Integrations,31,2025-06-27
279,Workflow Automation,23,2025-06-27
468,Email Campaigns,33,2025-06-27
165,Workflow Automation,18,2025-06-27
93,Leads Module,21,2025-06-27
306,Reports,2,2025-06-27
459,Integrations,4,2025-06-27
415,Workflow Automation,34,2025-06-27
184,Email Campaigns,15,2025-06-27
499,Reports,7,2025-06-27
127,Reports,18,2025-06-27
274,Leads Module,49,2025-06-27
486,Reports,37,2025-06-27
434,Workflow Automation,23,2025-06-27
479,Reports,12,2025-06-27
122,Email Campaigns,21,2025-06-27
413,Integrations,38,2025-06-27
15,Integrations,37,2025-06-27
289,Reports,37,2025-06-27
486,Reports,32,2025-06-27
278,Integrations,12,2025-06-27
252,Leads Module,6,2025-06-27
29,Reports,39,2025-06-27
113,Leads Module,34,2025-06-27
245,Leads Module,22,2025-06-27
470,Email Campaigns,13,2025-06-27
413,Reports,22,2025-06-27
368,Reports,21,2025-06-27
31,Leads Module,10,2025-06-27
301,Reports,50,2025-06-27
57,Email Campaigns,24,2025-06-27
492,Leads Module,24,2025-06-27
361,Workflow Automation,38,2025-06-27
52,Integrations,20,2025-06-27
166,Reports,11,2025-06-27
