customer_id,feature_name,usage_count,date
160,Email Campaigns,26,2025-06-27
70,Email Campaigns,37,2025-06-27
15,Reports,13,2025-06-27
449,Reports,4,2025-06-27
128,Leads Module,30,2025-06-27
26,Integrations,46,2025-06-27
102,Integrations,24,2025-06-27
422,Workflow Automation,33,2025-06-27
204,Leads Module,44,2025-06-27
16,Reports,24,2025-06-27
251,Email Campaigns,29,2025-06-27
91,Workflow Automation,38,2025-06-27
283,Integrations,23,2025-06-27
84,Integrations,48,2025-06-27
426,Leads Module,19,2025-06-27
15,Workflow Automation,-5,2025-06-27
84,Email Campaigns,50,2025-06-27
495,Reports,15,2025-06-27
332,Reports,44,2025-06-27
106,Integrations,42,2025-06-27
210,Email Campaigns,2,2025-06-27
443,Leads Module,31,2025-06-27
467,Reports,42,2025-06-27
89,Email Campaigns,1,2025-06-27
115,Integrations,39,2025-06-27
413,Integrations,46,2025-06-27
496,Integrations,28,2025-06-27
459,Workflow Automation,23,2025-06-27
236,Integrations,14,2025-06-27
239,Integrations,44,2025-06-27
267,Email Campaigns,26,2025-06-27
300,Leads Module,1,2025-06-27
262,Integrations,36,2025-06-27
332,Email Campaigns,39,2025-06-27
145,Integrations,44,2025-06-27
56,Workflow Automation,5,2025-06-27
173,Integrations,41,2025-06-27
167,Integrations,17,2025-06-27
336,Integrations,13,2025-06-27
77,Email Campaigns,49,2025-06-27
124,Leads Module,39,2025-06-27
207,Integrations,44,2025-06-27
72,Leads Module,42,2025-06-27
255,Integrations,17,2025-06-27
465,Workflow Automation,26,2025-06-27
199,Leads Module,38,2025-06-27
363,Email Campaigns,13,2025-06-27
176,Reports,44,2025-06-27
274,Workflow Automation,43,2025-06-27
184,Email Campaigns,20,2025-06-27
433,Reports,43,2025-06-27
449,Email Campaigns,12,2025-06-27
151,Leads Module,31,2025-06-27
66,Integrations,47,2025-06-27
414,Email Campaigns,49,2025-06-27
468,Reports,44,2025-06-27
461,Integrations,42,2025-06-27
46,Reports,23,2025-06-27
115,Integrations,27,2025-06-27
404,Integrations,24,2025-06-27
134,Email Campaigns,19,2025-06-27
238,Leads Module,31,2025-06-27
28,Email Campaigns,38,2025-06-27
484,Email Campaigns,5,2025-06-27
242,Reports,33,2025-06-27
62,Workflow Automation,34,2025-06-27
153,Workflow Automation,4,2025-06-27
446,Reports,9,2025-06-27
103,Integrations,27,2025-06-27
292,Workflow Automation,10,2025-06-27
162,Reports,50,2025-06-27
42,Workflow Automation,22,2025-06-27
324,Reports,21,2025-06-27
325,Leads Module,1,2025-06-27
232,Integrations,14,2025-06-27
390,Reports,37,2025-06-27
392,Reports,32,2025-06-27
403,Leads Module,9,2025-06-27
315,Workflow Automation,41,2025-06-27
220,Workflow Automation,28,2025-06-27
495,Workflow Automation,25,2025-06-27
3,Leads Module,35,2025-06-27
103,Integrations,1,2025-06-27
457,Integrations,49,2025-06-27
427,Email Campaigns,13,2025-06-27
10,Leads Module,41,2025-06-27
376,Reports,15,2025-06-27
356,Integrations,20,2025-06-27
67,Leads Module,25,2025-06-27
258,Email Campaigns,20,2025-06-27
86,Leads Module,3,2025-06-27
153,Integrations,30,2025-06-27
373,Email Campaigns,39,2025-06-27
269,Integrations,28,2025-06-27
455,Reports,22,2025-06-27
462,Workflow Automation,23,2025-06-27
385,Reports,11,2025-06-27
486,Workflow Automation,2,2025-06-27
117,Reports,47,2025-06-27
68,Reports,47,2025-06-27
12,Email Campaigns,33,2025-06-27
87,Leads Module,24,2025-06-27
365,Leads Module,25,2025-06-27
449,Integrations,50,2025-06-27
274,Email Campaigns,4,2025-06-27
305,Leads Module,43,2025-06-27
56,Leads Module,4,2025-06-27
354,Leads Module,27,2025-06-27
228,Workflow Automation,8,2025-06-27
281,Integrations,31,2025-06-27
360,Reports,14,2025-06-27
356,Leads Module,20,2025-06-27
216,Leads Module,43,2025-06-27
267,Integrations,40,2025-06-27
311,Reports,27,2025-06-27
426,Leads Module,33,2025-06-27
369,Email Campaigns,8,2025-06-27
145,Leads Module,7,2025-06-27
255,Reports,39,2025-06-27
103,Integrations,34,2025-06-27
499,Reports,23,2025-06-27
361,Workflow Automation,19,2025-06-27
83,Leads Module,36,2025-06-27
255,Reports,45,2025-06-27
478,Workflow Automation,22,2025-06-27
121,Leads Module,1,2025-06-27
344,Leads Module,8,2025-06-27
428,Email Campaigns,43,2025-06-27
253,Reports,6,2025-06-27
400,Email Campaigns,5,2025-06-27
371,Leads Module,17,2025-06-27
330,Reports,30,2025-06-27
152,Integrations,30,2025-06-27
26,Leads Module,12,2025-06-27
448,Leads Module,19,2025-06-27
185,Integrations,28,2025-06-27
379,Leads Module,7,2025-06-27
436,Leads Module,1,2025-06-27
437,Reports,43,2025-06-27
332,Reports,22,2025-06-27
184,Workflow Automation,40,2025-06-27
138,Leads Module,24,2025-06-27
418,Integrations,12,2025-06-27
59,Workflow Automation,26,2025-06-27
493,Workflow Automation,18,2025-06-27
428,Workflow Automation,45,2025-06-27
436,Workflow Automation,27,2025-06-27
333,Reports,8,2025-06-27
68,Leads Module,11,2025-06-27
54,Workflow Automation,38,2025-06-27
248,Email Campaigns,44,2025-06-27
225,Reports,40,2025-06-27
195,Integrations,40,2025-06-27
15,Reports,31,2025-06-27
472,Workflow Automation,8,2025-06-27
455,Workflow Automation,29,2025-06-27
24,Leads Module,17,2025-06-27
336,Integrations,1,2025-06-27
361,Email Campaigns,50,2025-06-27
381,Email Campaigns,47,2025-06-27
290,Reports,43,2025-06-27
448,Integrations,34,2025-06-27
268,Email Campaigns,7,2025-06-27
222,Reports,31,2025-06-27
178,Workflow Automation,10,2025-06-27
430,Email Campaigns,40,2025-06-27
28,Leads Module,42,2025-06-27
479,Reports,33,2025-06-27
435,Workflow Automation,32,2025-06-27
446,Reports,5,2025-06-27
385,Workflow Automation,21,2025-06-27
124,Integrations,18,2025-06-27
26,Email Campaigns,15,2025-06-27
282,Workflow Automation,26,2025-06-27
419,Reports,6,2025-06-27
236,Workflow Automation,37,2025-06-27
230,Leads Module,32,2025-06-27
229,Integrations,8,2025-06-27
255,Leads Module,7,2025-06-27
207,Workflow Automation,3,2025-06-27
286,Email Campaigns,1,2025-06-27
423,Leads Module,39,2025-06-27
494,Email Campaigns,41,2025-06-27
156,Email Campaigns,36,2025-06-27
106,Workflow Automation,22,2025-06-27
187,Leads Module,15,2025-06-27
433,Workflow Automation,22,2025-06-27
287,Email Campaigns,39,2025-06-27
243,Integrations,46,2025-06-27
232,Leads Module,7,2025-06-27
389,Reports,1,2025-06-27
175,Integrations,41,2025-06-27
494,Integrations,36,2025-06-27
268,Integrations,45,2025-06-27
55,Leads Module,11,2025-06-27
253,Reports,46,2025-06-27
381,Workflow Automation,7,2025-06-27
131,Email Campaigns,13,2025-06-27
97,Leads Module,26,2025-06-27
111,Workflow Automation,13,2025-06-27
367,Integrations,7,2025-06-27
388,Workflow Automation,3,2025-06-27
475,Email Campaigns,8,2025-06-27
396,Workflow Automation,30,2025-06-27
338,Email Campaigns,33,2025-06-27
69,Workflow Automation,1,2025-06-27
272,Leads Module,36,2025-06-27
479,Workflow Automation,38,2025-06-27
248,Email Campaigns,50,2025-06-27
472,Reports,45,2025-06-27
297,Reports,47,2025-06-27
418,Reports,7,2025-06-27
199,Email Campaigns,39,2025-06-27
452,Integrations,33,2025-06-27
452,Workflow Automation,27,2025-06-27
312,Reports,18,2025-06-27
204,Integrations,19,2025-06-27
232,Reports,9,2025-06-27
212,Email Campaigns,45,2025-06-27
454,Email Campaigns,20,2025-06-27
432,Email Campaigns,21,2025-06-27
365,Email Campaigns,41,2025-06-27
112,Reports,14,2025-06-27
320,Integrations,44,2025-06-27
177,Reports,46,2025-06-27
333,Reports,33,2025-06-27
278,Integrations,46,2025-06-27
60,Integrations,36,2025-06-27
246,Email Campaigns,37,2025-06-27
483,Workflow Automation,44,2025-06-27
383,Email Campaigns,19,2025-06-27
450,Workflow Automation,1,2025-06-27
268,Leads Module,2,2025-06-27
196,Reports,4,2025-06-27
344,Leads Module,13,2025-06-27
137,Reports,19,2025-06-27
350,Integrations,10,2025-06-27
430,Leads Module,45,2025-06-27
402,Integrations,14,2025-06-27
386,Email Campaigns,3,2025-06-27
184,Workflow Automation,7,2025-06-27
316,Email Campaigns,15,2025-06-27
381,Email Campaigns,25,2025-06-27
122,Email Campaigns,45,2025-06-27
148,Leads Module,25,2025-06-27
199,Workflow Automation,44,2025-06-27
161,Email Campaigns,4,2025-06-27
7,Integrations,13,2025-06-27
318,Workflow Automation,15,2025-06-27
467,Integrations,49,2025-06-27
302,Email Campaigns,48,2025-06-27
309,Reports,50,2025-06-27
372,Reports,19,2025-06-27
230,Reports,44,2025-06-27
39,Reports,12,2025-06-27
377,Email Campaigns,8,2025-06-27
194,Leads Module,28,2025-06-27
143,Email Campaigns,17,2025-06-27
67,Reports,38,2025-06-27
434,Integrations,1,2025-06-27
170,Workflow Automation,46,2025-06-27
480,Reports,3,2025-06-27
79,Integrations,39,2025-06-27
27,Email Campaigns,43,2025-06-27
155,Workflow Automation,37,2025-06-27
282,Integrations,5,2025-06-27
402,Integrations,34,2025-06-27
113,Reports,34,2025-06-27
35,Email Campaigns,11,2025-06-27
213,Email Campaigns,35,2025-06-27
207,Leads Module,23,2025-06-27
114,Reports,43,2025-06-27
170,Integrations,24,2025-06-27
151,Reports,49,2025-06-27
317,Email Campaigns,31,2025-06-27
288,Leads Module,8,2025-06-27
343,Integrations,29,2025-06-27
124,Email Campaigns,40,2025-06-27
125,Leads Module,44,2025-06-27
454,Integrations,25,2025-06-27
469,Leads Module,25,2025-06-27
132,Email Campaigns,47,2025-06-27
145,Leads Module,34,2025-06-27
421,Integrations,33,2025-06-27
412,Email Campaigns,29,2025-06-27
250,Leads Module,19,2025-06-27
460,Reports,21,2025-06-27
264,Leads Module,7,2025-06-27
86,Email Campaigns,35,2025-06-27
4,Leads Module,14,2025-06-27
344,Reports,44,2025-06-27
218,Leads Module,14,2025-06-27
276,Workflow Automation,42,2025-06-27
419,Leads Module,48,2025-06-27
352,Reports,2,2025-06-27
236,Integrations,3,2025-06-27
45,Leads Module,4,2025-06-27
92,Integrations,36,2025-06-27
37,Email Campaigns,15,2025-06-27
467,Integrations,27,2025-06-27
199,Workflow Automation,41,2025-06-27
208,Workflow Automation,21,2025-06-27
9,Workflow Automation,44,2025-06-27
61,Email Campaigns,1,2025-06-27
329,Email Campaigns,5,2025-06-27
388,Email Campaigns,3,2025-06-27
359,Leads Module,23,2025-06-27
476,Email Campaigns,7,2025-06-27
149,Integrations,39,2025-06-27
45,Integrations,49,2025-06-27
475,Workflow Automation,25,2025-06-27
203,Leads Module,31,2025-06-27
81,Email Campaigns,15,2025-06-27
70,Workflow Automation,35,2025-06-27
152,Reports,20,2025-06-27
347,Integrations,1,2025-06-27
284,Email Campaigns,10,2025-06-27
64,Leads Module,1,2025-06-27
294,Email Campaigns,26,2025-06-27
276,Email Campaigns,6,2025-06-27
157,Reports,48,2025-06-27
380,Integrations,14,2025-06-27
212,Email Campaigns,10,2025-06-27
83,Reports,15,2025-06-27
316,Integrations,13,2025-06-27
59,Reports,43,2025-06-27
410,Email Campaigns,4,2025-06-27
436,Email Campaigns,30,2025-06-27
331,Email Campaigns,5,2025-06-27
149,Leads Module,17,2025-06-27
51,Reports,47,2025-06-27
298,Workflow Automation,22,2025-06-27
183,Reports,43,2025-06-27
336,Reports,7,2025-06-27
146,Email Campaigns,5,2025-06-27
461,Reports,21,2025-06-27
249,Workflow Automation,22,2025-06-27
316,Integrations,45,2025-06-27
300,Reports,37,2025-06-27
291,Integrations,21,2025-06-27
491,Workflow Automation,11,2025-06-27
3,Integrations,16,2025-06-27
403,Reports,46,2025-06-27
379,Workflow Automation,18,2025-06-27
431,Integrations,9,2025-06-27
348,Integrations,31,2025-06-27
237,Workflow Automation,23,2025-06-27
397,Integrations,32,2025-06-27
283,Leads Module,12,2025-06-27
331,Email Campaigns,6,2025-06-27
431,Integrations,9,2025-06-27
457,Email Campaigns,13,2025-06-27
135,Leads Module,47,2025-06-27
39,Leads Module,33,2025-06-27
324,Leads Module,38,2025-06-27
297,Workflow Automation,50,2025-06-27
303,Reports,3,2025-06-27
283,Integrations,35,2025-06-27
458,Email Campaigns,31,2025-06-27
335,Reports,24,2025-06-27
201,Reports,50,2025-06-27
302,Integrations,9,2025-06-27
238,Email Campaigns,33,2025-06-27
47,Workflow Automation,24,2025-06-27
258,Leads Module,43,2025-06-27
123,Email Campaigns,44,2025-06-27
85,Email Campaigns,9,2025-06-27
229,Reports,12,2025-06-27
290,Email Campaigns,43,2025-06-27
447,Reports,48,2025-06-27
375,Workflow Automation,23,2025-06-27
21,Reports,49,2025-06-27
250,Reports,5,2025-06-27
136,Integrations,15,2025-06-27
22,Reports,34,2025-06-27
465,Integrations,25,2025-06-27
241,Workflow Automation,3,2025-06-27
21,Integrations,7,2025-06-27
361,Email Campaigns,41,2025-06-27
425,Integrations,48,2025-06-27
135,Email Campaigns,35,2025-06-27
292,Reports,25,2025-06-27
335,Workflow Automation,24,2025-06-27
301,Leads Module,34,2025-06-27
129,Workflow Automation,15,2025-06-27
265,Workflow Automation,23,2025-06-27
419,Integrations,32,2025-06-27
406,Workflow Automation,39,2025-06-27
4,Email Campaigns,9,2025-06-27
226,Reports,15,2025-06-27
40,Email Campaigns,42,2025-06-27
144,Reports,10,2025-06-27
96,Reports,24,2025-06-27
309,Leads Module,43,2025-06-27
118,Workflow Automation,22,2025-06-27
369,Leads Module,31,2025-06-27
346,Workflow Automation,31,2025-06-27
108,Email Campaigns,11,2025-06-27
332,Workflow Automation,2,2025-06-27
125,Leads Module,9,2025-06-27
294,Email Campaigns,11,2025-06-27
69,Email Campaigns,3,2025-06-27
457,Email Campaigns,10,2025-06-27
29,Reports,17,2025-06-27
473,Reports,34,2025-06-27
491,Workflow Automation,39,2025-06-27
497,Email Campaigns,41,2025-06-27
10,Integrations,6,2025-06-27
111,Workflow Automation,39,2025-06-27
242,Workflow Automation,11,2025-06-27
113,Workflow Automation,39,2025-06-27
74,Email Campaigns,50,2025-06-27
94,Email Campaigns,43,2025-06-27
262,Integrations,11,2025-06-27
371,Integrations,30,2025-06-27
306,Email Campaigns,5,2025-06-27
118,Workflow Automation,25,2025-06-27
68,Leads Module,2,2025-06-27
104,Email Campaigns,33,2025-06-27
351,Workflow Automation,10,2025-06-27
311,Leads Module,12,2025-06-27
244,Email Campaigns,39,2025-06-27
20,Email Campaigns,33,2025-06-27
386,Leads Module,6,2025-06-27
247,Reports,39,2025-06-27
277,Leads Module,50,2025-06-27
348,Workflow Automation,34,2025-06-27
216,Integrations,3,2025-06-27
358,Email Campaigns,28,2025-06-27
118,Workflow Automation,50,2025-06-27
196,Integrations,38,2025-06-27
412,Email Campaigns,7,2025-06-27
218,Reports,17,2025-06-27
245,Reports,6,2025-06-27
146,Email Campaigns,35,2025-06-27
210,Integrations,13,2025-06-27
3,Leads Module,37,2025-06-27
268,Leads Module,34,2025-06-27
4,Workflow Automation,42,2025-06-27
106,Integrations,27,2025-06-27
186,Leads Module,10,2025-06-27
219,Email Campaigns,17,2025-06-27
134,Email Campaigns,28,2025-06-27
290,Integrations,40,2025-06-27
142,Workflow Automation,49,2025-06-27
105,Workflow Automation,36,2025-06-27
402,Email Campaigns,31,2025-06-27
92,Integrations,36,2025-06-27
285,Workflow Automation,17,2025-06-27
158,Email Campaigns,23,2025-06-27
397,Workflow Automation,48,2025-06-27
71,Leads Module,48,2025-06-27
118,Workflow Automation,45,2025-06-27
487,Reports,7,2025-06-27
110,Email Campaigns,26,2025-06-27
403,Integrations,36,2025-06-27
315,Leads Module,11,2025-06-27
200,Leads Module,6,2025-06-27
422,Reports,31,2025-06-27
475,Email Campaigns,28,2025-06-27
46,Leads Module,17,2025-06-27
114,Integrations,6,2025-06-27
312,Leads Module,47,2025-06-27
197,Workflow Automation,40,2025-06-27
336,Email Campaigns,19,2025-06-27
365,Email Campaigns,4,2025-06-27
485,Reports,41,2025-06-27
254,Workflow Automation,1,2025-06-27
104,Email Campaigns,19,2025-06-27
100,Leads Module,39,2025-06-27
262,Email Campaigns,45,2025-06-27
119,Email Campaigns,11,2025-06-27
346,Leads Module,24,2025-06-27
123,Leads Module,11,2025-06-27
45,Integrations,50,2025-06-27
205,Integrations,43,2025-06-27
203,Workflow Automation,38,2025-06-27
103,Email Campaigns,1,2025-06-27
378,Leads Module,6,2025-06-27
282,Integrations,47,2025-06-27
425,Email Campaigns,38,2025-06-27
179,Integrations,18,2025-06-27
116,Email Campaigns,13,2025-06-27
233,Workflow Automation,37,2025-06-27
3,Integrations,12,2025-06-27
209,Email Campaigns,7,2025-06-27
287,Leads Module,33,2025-06-27
151,Integrations,8,2025-06-27
412,Email Campaigns,17,2025-06-27
449,Email Campaigns,37,2025-06-27
129,Workflow Automation,25,2025-06-27
289,Workflow Automation,50,2025-06-27
125,Integrations,50,2025-06-27
235,Workflow Automation,38,2025-06-27
442,Leads Module,31,2025-06-27
60,Integrations,5,2025-06-27
196,Reports,44,2025-06-27
360,Reports,21,2025-06-27
212,Integrations,34,2025-06-27
275,Leads Module,45,2025-06-27
427,Integrations,16,2025-06-27
148,Leads Module,26,2025-06-27
345,Integrations,5,2025-06-27
284,Reports,31,2025-06-27
161,Integrations,14,2025-06-27
458,Email Campaigns,18,2025-06-27
94,Reports,32,2025-06-27
378,Reports,16,2025-06-27
377,Reports,17,2025-06-27
106,Reports,13,2025-06-27
428,Reports,40,2025-06-27
183,Reports,50,2025-06-27
55,Leads Module,6,2025-06-27
347,Workflow Automation,40,2025-06-27
4,Email Campaigns,3,2025-06-27
435,Workflow Automation,24,2025-06-27
318,Integrations,32,2025-06-27
460,Email Campaigns,18,2025-06-27
252,Reports,49,2025-06-27
469,Email Campaigns,18,2025-06-27
204,Reports,49,2025-06-27
296,Reports,4,2025-06-27
270,Workflow Automation,31,2025-06-27
482,Email Campaigns,3,2025-06-27
258,Integrations,26,2025-06-27
441,Reports,30,2025-06-27
500,Leads Module,45,2025-06-27
266,Workflow Automation,21,2025-06-27
353,Leads Module,1,2025-06-27
346,Reports,25,2025-06-27
298,Leads Module,21,2025-06-27
186,Email Campaigns,17,2025-06-27
96,Email Campaigns,17,2025-06-27
122,Integrations,31,2025-06-27
491,Email Campaigns,22,2025-06-27
188,Reports,32,2025-06-27
218,Reports,27,2025-06-27
359,Integrations,24,2025-06-27
438,Workflow Automation,18,2025-06-27
231,Reports,37,2025-06-27
68,Email Campaigns,44,2025-06-27
118,Leads Module,47,2025-06-27
139,Reports,36,2025-06-27
222,Workflow Automation,13,2025-06-27
75,Reports,31,2025-06-27
413,Leads Module,12,2025-06-27
216,Workflow Automation,9,2025-06-27
458,Email Campaigns,35,2025-06-27
369,Integrations,32,2025-06-27
154,Integrations,36,2025-06-27
440,Email Campaigns,4,2025-06-27
204,Leads Module,45,2025-06-27
84,Leads Module,14,2025-06-27
417,Integrations,31,2025-06-27
430,Leads Module,29,2025-06-27
382,Integrations,17,2025-06-27
185,Integrations,36,2025-06-27
286,Integrations,23,2025-06-27
11,Workflow Automation,8,2025-06-27
180,Email Campaigns,13,2025-06-27
296,Email Campaigns,42,2025-06-27
333,Email Campaigns,12,2025-06-27
400,Integrations,23,2025-06-27
167,Email Campaigns,32,2025-06-27
397,Workflow Automation,6,2025-06-27
196,Email Campaigns,19,2025-06-27
238,Reports,11,2025-06-27
328,Integrations,27,2025-06-27
324,Email Campaigns,37,2025-06-27
208,Leads Module,6,2025-06-27
83,Integrations,15,2025-06-27
161,Integrations,42,2025-06-27
150,Integrations,39,2025-06-27
331,Workflow Automation,18,2025-06-27
455,Workflow Automation,50,2025-06-27
442,Integrations,48,2025-06-27
301,Email Campaigns,29,2025-06-27
212,Reports,12,2025-06-27
438,Leads Module,9,2025-06-27
373,Reports,43,2025-06-27
129,Leads Module,14,2025-06-27
86,Workflow Automation,7,2025-06-27
49,Leads Module,31,2025-06-27
281,Leads Module,2,2025-06-27
395,Workflow Automation,34,2025-06-27
392,Leads Module,7,2025-06-27
135,Email Campaigns,10,2025-06-27
44,Workflow Automation,20,2025-06-27
118,Reports,48,2025-06-27
146,Workflow Automation,41,2025-06-27
65,Reports,34,2025-06-27
430,Reports,2,2025-06-27
18,Integrations,21,2025-06-27
443,Workflow Automation,30,2025-06-27
500,Email Campaigns,18,2025-06-27
281,Workflow Automation,9,2025-06-27
497,Email Campaigns,12,2025-06-27
303,Email Campaigns,30,2025-06-27
324,Email Campaigns,28,2025-06-27
269,Email Campaigns,20,2025-06-27
466,Integrations,31,2025-06-27
277,Reports,6,2025-06-27
227,Integrations,24,2025-06-27
212,Integrations,10,2025-06-27
156,Leads Module,1,2025-06-27
268,Reports,23,2025-06-27
147,Workflow Automation,35,2025-06-27
5,Workflow Automation,49,2025-06-27
245,Integrations,1,2025-06-27
393,Workflow Automation,19,2025-06-27
306,Reports,1,2025-06-27
281,Integrations,13,2025-06-27
211,Email Campaigns,28,2025-06-27
203,Reports,11,2025-06-27
367,Workflow Automation,25,2025-06-27
113,Integrations,6,2025-06-27
217,Reports,34,2025-06-27
392,Email Campaigns,45,2025-06-27
351,Integrations,19,2025-06-27
333,Email Campaigns,18,2025-06-27
212,Reports,5,2025-06-27
94,Reports,19,2025-06-27
57,Workflow Automation,40,2025-06-27
232,Integrations,45,2025-06-27
319,Workflow Automation,13,2025-06-27
165,Leads Module,10,2025-06-27
26,Email Campaigns,2,2025-06-27
96,Leads Module,19,2025-06-27
138,Reports,46,2025-06-27
225,Leads Module,15,2025-06-27
47,Reports,1,2025-06-27
253,Reports,22,2025-06-27
216,Integrations,32,2025-06-27
191,Workflow Automation,45,2025-06-27
406,Leads Module,22,2025-06-27
42,Reports,4,2025-06-27
137,Workflow Automation,5,2025-06-27
279,Workflow Automation,12,2025-06-27
99,Integrations,25,2025-06-27
425,Leads Module,8,2025-06-27
499,Reports,25,2025-06-27
395,Workflow Automation,16,2025-06-27
378,Leads Module,13,2025-06-27
236,Leads Module,34,2025-06-27
341,Reports,31,2025-06-27
200,Integrations,21,2025-06-27
82,Leads Module,48,2025-06-27
480,Email Campaigns,34,2025-06-27
63,Integrations,31,2025-06-27
327,Integrations,13,2025-06-27
185,Leads Module,43,2025-06-27
112,Leads Module,16,2025-06-27
325,Workflow Automation,21,2025-06-27
8,Reports,18,2025-06-27
300,Leads Module,26,2025-06-27
405,Reports,1,2025-06-27
497,Leads Module,38,2025-06-27
402,Workflow Automation,45,2025-06-27
306,Reports,24,2025-06-27
395,Leads Module,16,2025-06-27
81,Workflow Automation,6,2025-06-27
352,Email Campaigns,22,2025-06-27
477,Leads Module,4,2025-06-27
183,Reports,45,2025-06-27
275,Leads Module,9,2025-06-27
250,Reports,21,2025-06-27
286,Integrations,29,2025-06-27
376,Reports,2,2025-06-27
353,Workflow Automation,23,2025-06-27
371,Reports,17,2025-06-27
461,Leads Module,32,2025-06-27
362,Workflow Automation,36,2025-06-27
151,Email Campaigns,45,2025-06-27
251,Reports,37,2025-06-27
96,Email Campaigns,23,2025-06-27
166,Workflow Automation,18,2025-06-27
445,Email Campaigns,36,2025-06-27
83,Leads Module,34,2025-06-27
80,Workflow Automation,19,2025-06-27
420,Integrations,35,2025-06-27
188,Workflow Automation,1,2025-06-27
398,Email Campaigns,25,2025-06-27
376,Reports,2,2025-06-27
318,Integrations,50,2025-06-27
318,Reports,21,2025-06-27
370,Leads Module,43,2025-06-27
496,Email Campaigns,25,2025-06-27
98,Email Campaigns,44,2025-06-27
255,Email Campaigns,10,2025-06-27
314,Integrations,21,2025-06-27
210,Integrations,8,2025-06-27
50,Email Campaigns,43,2025-06-27
35,Leads Module,9,2025-06-27
92,Leads Module,13,2025-06-27
55,Workflow Automation,13,2025-06-27
51,Leads Module,37,2025-06-27
329,Workflow Automation,43,2025-06-27
251,Email Campaigns,40,2025-06-27
360,Email Campaigns,17,2025-06-27
26,Integrations,15,2025-06-27
311,Leads Module,1,2025-06-27
477,Reports,42,2025-06-27
252,Leads Module,30,2025-06-27
411,Leads Module,24,2025-06-27
286,Workflow Automation,24,2025-06-27
407,Leads Module,40,2025-06-27
137,Email Campaigns,3,2025-06-27
376,Leads Module,20,2025-06-27
40,Reports,34,2025-06-27
50,Leads Module,47,2025-06-27
119,Email Campaigns,25,2025-06-27
98,Reports,34,2025-06-27
337,Reports,37,2025-06-27
321,Reports,36,2025-06-27
384,Email Campaigns,27,2025-06-27
383,Leads Module,50,2025-06-27
327,Email Campaigns,23,2025-06-27
346,Workflow Automation,45,2025-06-27
341,Workflow Automation,7,2025-06-27
86,Reports,36,2025-06-27
206,Email Campaigns,22,2025-06-27
337,Reports,35,2025-06-27
308,Workflow Automation,23,2025-06-27
463,Integrations,36,2025-06-27
167,Integrations,27,2025-06-27
392,Workflow Automation,47,2025-06-27
166,Email Campaigns,16,2025-06-27
289,Email Campaigns,14,2025-06-27
193,Email Campaigns,48,2025-06-27
131,Integrations,29,2025-06-27
230,Workflow Automation,1,2025-06-27
372,Leads Module,19,2025-06-27
306,Leads Module,34,2025-06-27
70,Integrations,1,2025-06-27
154,Reports,14,2025-06-27
439,Integrations,2,2025-06-27
396,Integrations,36,2025-06-27
262,Email Campaigns,37,2025-06-27
475,Email Campaigns,10,2025-06-27
49,Leads Module,30,2025-06-27
183,Reports,9,2025-06-27
136,Integrations,38,2025-06-27
128,Reports,17,2025-06-27
416,Integrations,6,2025-06-27
293,Workflow Automation,37,2025-06-27
470,Reports,47,2025-06-27
40,Integrations,31,2025-06-27
89,Workflow Automation,45,2025-06-27
360,Email Campaigns,7,2025-06-27
305,Integrations,3,2025-06-27
375,Email Campaigns,25,2025-06-27
41,Leads Module,50,2025-06-27
172,Integrations,28,2025-06-27
214,Leads Module,50,2025-06-27
117,Email Campaigns,1,2025-06-27
325,Workflow Automation,4,2025-06-27
157,Email Campaigns,3,2025-06-27
164,Email Campaigns,37,2025-06-27
77,Integrations,33,2025-06-27
358,Reports,10,2025-06-27
26,Workflow Automation,29,2025-06-27
386,Email Campaigns,37,2025-06-27
259,Leads Module,15,2025-06-27
222,Integrations,26,2025-06-27
76,Reports,22,2025-06-27
43,Workflow Automation,37,2025-06-27
382,Leads Module,36,2025-06-27
205,Integrations,6,2025-06-27
205,Email Campaigns,28,2025-06-27
397,Reports,49,2025-06-27
70,Workflow Automation,36,2025-06-27
102,Workflow Automation,26,2025-06-27
334,Email Campaigns,13,2025-06-27
288,Email Campaigns,48,2025-06-27
269,Reports,16,2025-06-27
37,Integrations,50,2025-06-27
221,Integrations,44,2025-06-27
474,Email Campaigns,6,2025-06-27
58,Workflow Automation,28,2025-06-27
188,Integrations,13,2025-06-27
165,Integrations,39,2025-06-27
336,Leads Module,50,2025-06-27
157,Reports,23,2025-06-27
316,Workflow Automation,40,2025-06-27
75,Workflow Automation,3,2025-06-27
474,Reports,13,2025-06-27
351,Integrations,10,2025-06-27
388,Leads Module,8,2025-06-27
379,Leads Module,16,2025-06-27
486,Email Campaigns,10,2025-06-27
445,Integrations,1,2025-06-27
176,Leads Module,20,2025-06-27
231,Workflow Automation,2,2025-06-27
170,Reports,48,2025-06-27
276,Reports,14,2025-06-27
280,Email Campaigns,49,2025-06-27
133,Email Campaigns,31,2025-06-27
319,Reports,45,2025-06-27
358,Leads Module,25,2025-06-27
299,Email Campaigns,3,2025-06-27
131,Reports,4,2025-06-27
146,Reports,45,2025-06-27
317,Integrations,4,2025-06-27
239,Leads Module,5,2025-06-27
199,Integrations,43,2025-06-27
437,Integrations,7,2025-06-27
10,Integrations,42,2025-06-27
198,Reports,25,2025-06-27
261,Leads Module,21,2025-06-27
249,Email Campaigns,35,2025-06-27
46,Reports,13,2025-06-27
257,Workflow Automation,36,2025-06-27
475,Leads Module,3,2025-06-27
127,Email Campaigns,20,2025-06-27
171,Workflow Automation,26,2025-06-27
382,Reports,2,2025-06-27
178,Integrations,23,2025-06-27
321,Integrations,16,2025-06-27
257,Integrations,4,2025-06-27
321,Integrations,25,2025-06-27
456,Leads Module,36,2025-06-27
486,Integrations,15,2025-06-27
78,Integrations,26,2025-06-27
337,Reports,6,2025-06-27
374,Workflow Automation,34,2025-06-27
492,Email Campaigns,41,2025-06-27
352,Reports,27,2025-06-27
124,Email Campaigns,10,2025-06-27
219,Integrations,39,2025-06-27
169,Workflow Automation,35,2025-06-27
68,Reports,42,2025-06-27
71,Email Campaigns,35,2025-06-27
351,Reports,9,2025-06-27
159,Email Campaigns,9,2025-06-27
221,Reports,42,2025-06-27
478,Email Campaigns,11,2025-06-27
163,Leads Module,36,2025-06-27
273,Leads Module,12,2025-06-27
163,Reports,47,2025-06-27
16,Integrations,27,2025-06-27
493,Workflow Automation,20,2025-06-27
227,Integrations,10,2025-06-27
399,Reports,7,2025-06-27
68,Reports,2,2025-06-27
391,Email Campaigns,40,2025-06-27
137,Email Campaigns,37,2025-06-27
314,Reports,39,2025-06-27
119,Reports,44,2025-06-27
14,Integrations,6,2025-06-27
353,Workflow Automation,9,2025-06-27
258,Email Campaigns,31,2025-06-27
365,Integrations,12,2025-06-27
437,Workflow Automation,32,2025-06-27
243,Reports,11,2025-06-27
99,Reports,3,2025-06-27
210,Leads Module,18,2025-06-27
487,Workflow Automation,15,2025-06-27
381,Reports,49,2025-06-27
105,Leads Module,12,2025-06-27
475,Workflow Automation,40,2025-06-27
251,Integrations,30,2025-06-27
455,Reports,28,2025-06-27
208,Leads Module,39,2025-06-27
377,Workflow Automation,47,2025-06-27
161,Workflow Automation,40,2025-06-27
481,Email Campaigns,39,2025-06-27
275,Email Campaigns,42,2025-06-27
449,Leads Module,34,2025-06-27
56,Workflow Automation,30,2025-06-27
424,Leads Module,16,2025-06-27
266,Email Campaigns,26,2025-06-27
377,Leads Module,36,2025-06-27
199,Email Campaigns,49,2025-06-27
323,Leads Module,13,2025-06-27
150,Workflow Automation,26,2025-06-27
453,Integrations,50,2025-06-27
424,Integrations,30,2025-06-27
86,Workflow Automation,19,2025-06-27
314,Leads Module,45,2025-06-27
265,Reports,30,2025-06-27
425,Workflow Automation,6,2025-06-27
370,Email Campaigns,8,2025-06-27
93,Email Campaigns,45,2025-06-27
280,Reports,26,2025-06-27
212,Integrations,29,2025-06-27
13,Reports,30,2025-06-27
303,Reports,30,2025-06-27
47,Integrations,21,2025-06-27
355,Reports,46,2025-06-27
376,Leads Module,6,2025-06-27
59,Workflow Automation,41,2025-06-27
186,Leads Module,34,2025-06-27
363,Workflow Automation,47,2025-06-27
406,Email Campaigns,40,2025-06-27
487,Reports,25,2025-06-27
282,Workflow Automation,3,2025-06-27
394,Reports,22,2025-06-27
290,Reports,11,2025-06-27
445,Reports,12,2025-06-27
394,Leads Module,27,2025-06-27
158,Integrations,47,2025-06-27
394,Workflow Automation,19,2025-06-27
321,Reports,8,2025-06-27
461,Reports,13,2025-06-27
2,Email Campaigns,49,2025-06-27
130,Leads Module,30,2025-06-27
255,Workflow Automation,35,2025-06-27
414,Leads Module,39,2025-06-27
452,Workflow Automation,16,2025-06-27
112,Email Campaigns,43,2025-06-27
244,Workflow Automation,27,2025-06-27
227,Leads Module,39,2025-06-27
308,Leads Module,16,2025-06-27
452,Email Campaigns,18,2025-06-27
318,Email Campaigns,14,2025-06-27
26,Reports,10,2025-06-27
29,Integrations,3,2025-06-27
75,Leads Module,43,2025-06-27
296,Email Campaigns,20,2025-06-27
170,Leads Module,4,2025-06-27
56,Workflow Automation,12,2025-06-27
83,Integrations,40,2025-06-27
339,Email Campaigns,37,2025-06-27
404,Email Campaigns,12,2025-06-27
495,Workflow Automation,48,2025-06-27
297,Integrations,3,2025-06-27
48,Integrations,21,2025-06-27
189,Workflow Automation,5,2025-06-27
389,Workflow Automation,36,2025-06-27
34,Integrations,31,2025-06-27
69,Leads Module,45,2025-06-27
441,Integrations,22,2025-06-27
270,Workflow Automation,34,2025-06-27
108,Reports,40,2025-06-27
30,Leads Module,37,2025-06-27
374,Email Campaigns,6,2025-06-27
248,Email Campaigns,46,2025-06-27
148,Workflow Automation,39,2025-06-27
435,Integrations,17,2025-06-27
270,Email Campaigns,40,2025-06-27
182,Reports,40,2025-06-27
289,Workflow Automation,34,2025-06-27
374,Workflow Automation,32,2025-06-27
414,Reports,40,2025-06-27
120,Integrations,13,2025-06-27
1,Leads Module,2,2025-06-27
239,Leads Module,48,2025-06-27
435,Reports,40,2025-06-27
213,Workflow Automation,3,2025-06-27
171,Integrations,36,2025-06-27
413,Reports,1,2025-06-27
328,Reports,45,2025-06-27
145,Integrations,5,2025-06-27
158,Integrations,33,2025-06-27
282,Integrations,50,2025-06-27
4,Leads Module,44,2025-06-27
171,Integrations,26,2025-06-27
371,Email Campaigns,40,2025-06-27
492,Leads Module,12,2025-06-27
100,Integrations,22,2025-06-27
473,Workflow Automation,31,2025-06-27
409,Leads Module,42,2025-06-27
70,Workflow Automation,10,2025-06-27
322,Workflow Automation,35,2025-06-27
459,Integrations,30,2025-06-27
402,Workflow Automation,48,2025-06-27
29,Email Campaigns,20,2025-06-27
290,Integrations,36,2025-06-27
275,Leads Module,14,2025-06-27
296,Integrations,23,2025-06-27
34,Reports,18,2025-06-27
431,Leads Module,22,2025-06-27
193,Email Campaigns,11,2025-06-27
293,Email Campaigns,25,2025-06-27
96,Email Campaigns,8,2025-06-27
443,Integrations,46,2025-06-27
440,Integrations,46,2025-06-27
17,Integrations,27,2025-06-27
45,Workflow Automation,16,2025-06-27
191,Workflow Automation,20,2025-06-27
111,Email Campaigns,20,2025-06-27
90,Leads Module,24,2025-06-27
402,Leads Module,50,2025-06-27
104,Leads Module,29,2025-06-27
260,Leads Module,31,2025-06-27
464,Email Campaigns,10,2025-06-27
98,Integrations,31,2025-06-27
376,Email Campaigns,20,2025-06-27
398,Integrations,10,2025-06-27
394,Leads Module,34,2025-06-27
347,Reports,14,2025-06-27
371,Leads Module,30,2025-06-27
199,Email Campaigns,8,2025-06-27
3,Integrations,3,2025-06-27
352,Email Campaigns,6,2025-06-27
171,Workflow Automation,3,2025-06-27
53,Email Campaigns,50,2025-06-27
338,Integrations,2,2025-06-27
296,Integrations,41,2025-06-27
457,Reports,21,2025-06-27
103,Reports,19,2025-06-27
142,Email Campaigns,21,2025-06-27
396,Workflow Automation,43,2025-06-27
61,Integrations,10,2025-06-27
81,Integrations,8,2025-06-27
8,Email Campaigns,36,2025-06-27
264,Leads Module,14,2025-06-27
278,Integrations,36,2025-06-27
164,Integrations,10,2025-06-27
483,Integrations,37,2025-06-27
126,Reports,5,2025-06-27
160,Email Campaigns,22,2025-06-27
277,Workflow Automation,4,2025-06-27
67,Leads Module,31,2025-06-27
463,Leads Module,7,2025-06-27
197,Leads Module,6,2025-06-27
219,Workflow Automation,12,2025-06-27
361,Email Campaigns,38,2025-06-27
323,Workflow Automation,40,2025-06-27
183,Integrations,22,2025-06-27
419,Reports,46,2025-06-27
389,Email Campaigns,6,2025-06-27
499,Workflow Automation,37,2025-06-27
68,Leads Module,45,2025-06-27
240,Leads Module,30,2025-06-27
159,Workflow Automation,31,2025-06-27
119,Reports,10,2025-06-27
441,Email Campaigns,17,2025-06-27
468,Integrations,26,2025-06-27
94,Integrations,21,2025-06-27
233,Workflow Automation,2,2025-06-27
34,Workflow Automation,8,2025-06-27
180,Workflow Automation,30,2025-06-27
434,Reports,19,2025-06-27
394,Integrations,39,2025-06-27
295,Reports,33,2025-06-27
53,Workflow Automation,46,2025-06-27
408,Leads Module,21,2025-06-27
285,Leads Module,20,2025-06-27
273,Workflow Automation,26,2025-06-27
303,Workflow Automation,16,2025-06-27
318,Reports,36,2025-06-27
82,Workflow Automation,25,2025-06-27
34,Integrations,14,2025-06-27
417,Email Campaigns,28,2025-06-27
402,Workflow Automation,37,2025-06-27
404,Integrations,35,2025-06-27
356,Reports,12,2025-06-27
340,Leads Module,48,2025-06-27
477,Email Campaigns,32,2025-06-27
59,Email Campaigns,39,2025-06-27
238,Integrations,36,2025-06-27
50,Workflow Automation,12,2025-06-27
158,Workflow Automation,5,2025-06-27
307,Leads Module,44,2025-06-27
417,Email Campaigns,50,2025-06-27
420,Workflow Automation,21,2025-06-27
254,Leads Module,6,2025-06-27
112,Reports,38,2025-06-27
463,Leads Module,49,2025-06-27
76,Reports,29,2025-06-27
273,Integrations,25,2025-06-27
316,Email Campaigns,29,2025-06-27
101,Reports,44,2025-06-27
450,Integrations,20,2025-06-27
292,Integrations,28,2025-06-27
368,Integrations,6,2025-06-27
299,Leads Module,40,2025-06-27
262,Workflow Automation,9,2025-06-27
437,Integrations,4,2025-06-27
190,Email Campaigns,4,2025-06-27
1,Email Campaigns,23,2025-06-27
57,Integrations,2,2025-06-27
121,Workflow Automation,45,2025-06-27
303,Workflow Automation,41,2025-06-27
163,Workflow Automation,26,2025-06-27
196,Workflow Automation,35,2025-06-27
109,Reports,31,2025-06-27
72,Reports,36,2025-06-27
197,Integrations,27,2025-06-27
79,Integrations,43,2025-06-27
65,Reports,1,2025-06-27
37,Leads Module,10,2025-06-27
370,Workflow Automation,43,2025-06-27
224,Reports,6,2025-06-27
71,Workflow Automation,30,2025-06-27
458,Email Campaigns,28,2025-06-27
320,Reports,30,2025-06-27
261,Workflow Automation,36,2025-06-27
420,Workflow Automation,25,2025-06-27
182,Reports,12,2025-06-27
218,Email Campaigns,1,2025-06-27
296,Workflow Automation,47,2025-06-27
122,Email Campaigns,18,2025-06-27
211,Email Campaigns,37,2025-06-27
188,Leads Module,3,2025-06-27
291,Workflow Automation,46,2025-06-27
189,Leads Module,38,2025-06-27
247,Leads Module,10,2025-06-27
374,Email Campaigns,49,2025-06-27
399,Integrations,30,2025-06-27
265,Leads Module,34,2025-06-27
456,Email Campaigns,6,2025-06-27
126,Workflow Automation,41,2025-06-27
380,Leads Module,44,2025-06-27
325,Email Campaigns,38,2025-06-27
160,Email Campaigns,4,2025-06-27
463,Integrations,35,2025-06-27
399,Leads Module,31,2025-06-27
233,Email Campaigns,31,2025-06-27
294,Integrations,27,2025-06-27
181,Integrations,19,2025-06-27
86,Leads Module,45,2025-06-27
473,Email Campaigns,48,2025-06-27
156,Email Campaigns,17,2025-06-27
32,Workflow Automation,38,2025-06-27
87,Email Campaigns,4,2025-06-27
337,Integrations,48,2025-06-27
320,Leads Module,19,2025-06-27
249,Leads Module,9,2025-06-27
259,Leads Module,18,2025-06-27
130,Reports,40,2025-06-27
144,Integrations,17,2025-06-27
8,Leads Module,39,2025-06-27
90,Email Campaigns,48,2025-06-27
78,Workflow Automation,24,2025-06-27
414,Reports,17,2025-06-27
401,Reports,32,2025-06-27
93,Email Campaigns,3,2025-06-27
176,Leads Module,10,2025-06-27
305,Reports,32,2025-06-27
386,Workflow Automation,50,2025-06-27
197,Reports,43,2025-06-27
226,Reports,14,2025-06-27
296,Integrations,4,2025-06-27
329,Integrations,49,2025-06-27
420,Leads Module,4,2025-06-27
86,Workflow Automation,26,2025-06-27
244,Integrations,31,2025-06-27
383,Email Campaigns,15,2025-06-27
195,Workflow Automation,31,2025-06-27
135,Reports,34,2025-06-27
446,Workflow Automation,1,2025-06-27
148,Workflow Automation,25,2025-06-27
348,Integrations,34,2025-06-27
350,Leads Module,7,2025-06-27
470,Email Campaigns,41,2025-06-27
182,Workflow Automation,40,2025-06-27
471,Integrations,22,2025-06-27
139,Integrations,7,2025-06-27
131,Email Campaigns,26,2025-06-27
237,Reports,47,2025-06-27
345,Email Campaigns,50,2025-06-27
100,Email Campaigns,22,2025-06-27
347,Reports,21,2025-06-27
281,Leads Module,44,2025-06-27
5,Leads Module,1,2025-06-27
211,Leads Module,34,2025-06-27
54,Workflow Automation,23,2025-06-27
113,Integrations,17,2025-06-27
99,Leads Module,2,2025-06-27
318,Leads Module,4,2025-06-27
481,Email Campaigns,43,2025-06-27
458,Reports,39,2025-06-27
327,Leads Module,46,2025-06-27
491,Leads Module,6,2025-06-27
439,Email Campaigns,9,2025-06-27
193,Email Campaigns,12,2025-06-27
459,Leads Module,45,2025-06-27
95,Integrations,19,2025-06-27
240,Leads Module,41,2025-06-27
233,Integrations,50,2025-06-27
219,Integrations,17,2025-06-27
83,Leads Module,18,2025-06-27
398,Leads Module,25,2025-06-27
199,Integrations,4,2025-06-27
133,Integrations,12,2025-06-27
226,Leads Module,32,2025-06-27
476,Reports,40,2025-06-27
202,Reports,42,2025-06-27
252,Leads Module,10,2025-06-27
277,Workflow Automation,14,2025-06-27
315,Leads Module,29,2025-06-27
367,Integrations,7,2025-06-27
18,Leads Module,5,2025-06-27
293,Integrations,50,2025-06-27
229,Leads Module,32,2025-06-27
77,Leads Module,3,2025-06-27
341,Workflow Automation,18,2025-06-27
78,Integrations,26,2025-06-27
295,Leads Module,33,2025-06-27
363,Workflow Automation,31,2025-06-27
224,Workflow Automation,47,2025-06-27
400,Leads Module,35,2025-06-27
116,Leads Module,25,2025-06-27
489,Workflow Automation,8,2025-06-27
291,Email Campaigns,23,2025-06-27
171,Integrations,26,2025-06-27
29,Leads Module,24,2025-06-27
274,Integrations,6,2025-06-27
431,Workflow Automation,49,2025-06-27
393,Integrations,42,2025-06-27
104,Reports,36,2025-06-27
21,Workflow Automation,43,2025-06-27
98,Integrations,45,2025-06-27
200,Leads Module,41,2025-06-27
353,Integrations,32,2025-06-27
44,Workflow Automation,48,2025-06-27
98,Reports,3,2025-06-27
99,Leads Module,47,2025-06-27
304,Reports,32,2025-06-27
200,Leads Module,35,2025-06-27
330,Integrations,32,2025-06-27
274,Workflow Automation,2,2025-06-27
19,Integrations,4,2025-06-27
173,Leads Module,26,2025-06-27
61,Reports,42,2025-06-27
342,Email Campaigns,30,2025-06-27
482,Email Campaigns,10,2025-06-27
380,Email Campaigns,15,2025-06-27
474,Leads Module,3,2025-06-27
377,Reports,32,2025-06-27
335,Leads Module,31,2025-06-27
465,Email Campaigns,3,2025-06-27
125,Reports,1,2025-06-27
89,Leads Module,20,2025-06-27
421,Leads Module,30,2025-06-27
313,Reports,38,2025-06-27
33,Leads Module,8,2025-06-27
255,Email Campaigns,40,2025-06-27
113,Leads Module,13,2025-06-27
219,Integrations,48,2025-06-27
348,Workflow Automation,21,2025-06-27
62,Email Campaigns,35,2025-06-27
71,Integrations,14,2025-06-27
392,Leads Module,38,2025-06-27
89,Integrations,5,2025-06-27
62,Integrations,10,2025-06-27
388,Workflow Automation,11,2025-06-27
357,Integrations,36,2025-06-27
85,Workflow Automation,16,2025-06-27
474,Email Campaigns,3,2025-06-27
69,Leads Module,41,2025-06-27
314,Workflow Automation,50,2025-06-27
81,Leads Module,32,2025-06-27
42,Leads Module,1,2025-06-27
92,Leads Module,46,2025-06-27
334,Email Campaigns,19,2025-06-27
214,Workflow Automation,45,2025-06-27
65,Reports,10,2025-06-27
328,Integrations,34,2025-06-27
231,Workflow Automation,16,2025-06-27
481,Reports,40,2025-06-27
355,Leads Module,39,2025-06-27
93,Workflow Automation,40,2025-06-27
487,Leads Module,41,2025-06-27
424,Integrations,23,2025-06-27
215,Leads Module,36,2025-06-27
121,Reports,8,2025-06-27
272,Leads Module,40,2025-06-27
186,Email Campaigns,33,2025-06-27
113,Workflow Automation,50,2025-06-27
321,Reports,18,2025-06-27
28,Reports,8,2025-06-27
408,Reports,44,2025-06-27
433,Workflow Automation,32,2025-06-27
91,Reports,43,2025-06-27
473,Leads Module,4,2025-06-27
331,Integrations,19,2025-06-27
108,Workflow Automation,17,2025-06-27
172,Email Campaigns,49,2025-06-27
233,Leads Module,7,2025-06-27
380,Leads Module,35,2025-06-27
91,Reports,2,2025-06-27
249,Email Campaigns,8,2025-06-27
37,Reports,47,2025-06-27
228,Email Campaigns,38,2025-06-27
167,Workflow Automation,13,2025-06-27
383,Integrations,15,2025-06-27
399,Leads Module,21,2025-06-27
117,Leads Module,16,2025-06-27
378,Workflow Automation,13,2025-06-27
193,Reports,5,2025-06-27
242,Email Campaigns,32,2025-06-27
28,Workflow Automation,10,2025-06-27
111,Email Campaigns,30,2025-06-27
92,Workflow Automation,24,2025-06-27
70,Workflow Automation,47,2025-06-27
100,Integrations,18,2025-06-27
104,Integrations,9,2025-06-27
17,Email Campaigns,4,2025-06-27
144,Reports,8,2025-06-27
437,Workflow Automation,30,2025-06-27
215,Reports,49,2025-06-27
176,Reports,19,2025-06-27
310,Reports,41,2025-06-27
488,Email Campaigns,11,2025-06-27
296,Email Campaigns,15,2025-06-27
45,Workflow Automation,34,2025-06-27
251,Reports,38,2025-06-27
243,Workflow Automation,18,2025-06-27
8,Workflow Automation,48,2025-06-27
447,Reports,16,2025-06-27
168,Workflow Automation,38,2025-06-27
114,Email Campaigns,10,2025-06-27
468,Email Campaigns,1,2025-06-27
214,Leads Module,3,2025-06-27
241,Email Campaigns,3,2025-06-27
218,Email Campaigns,26,2025-06-27
246,Leads Module,29,2025-06-27
254,Reports,6,2025-06-27
286,Leads Module,45,2025-06-27
375,Workflow Automation,14,2025-06-27
68,Integrations,19,2025-06-27
123,Leads Module,2,2025-06-27
246,Integrations,11,2025-06-27
361,Workflow Automation,37,2025-06-27
383,Email Campaigns,2,2025-06-27
500,Workflow Automation,30,2025-06-27
396,Reports,46,2025-06-27
208,Reports,24,2025-06-27
321,Workflow Automation,46,2025-06-27
325,Leads Module,41,2025-06-27
37,Workflow Automation,45,2025-06-27
171,Email Campaigns,3,2025-06-27
152,Workflow Automation,49,2025-06-27
139,Email Campaigns,35,2025-06-27
295,Reports,44,2025-06-27
42,Email Campaigns,22,2025-06-27
377,Leads Module,33,2025-06-27
485,Integrations,4,2025-06-27
57,Workflow Automation,24,2025-06-27
239,Email Campaigns,3,2025-06-27
188,Integrations,12,2025-06-27
332,Email Campaigns,46,2025-06-27
35,Email Campaigns,46,2025-06-27
397,Reports,9,2025-06-27
172,Reports,35,2025-06-27
59,Workflow Automation,48,2025-06-27
481,Email Campaigns,45,2025-06-27
108,Reports,21,2025-06-27
181,Integrations,33,2025-06-27
349,Workflow Automation,18,2025-06-27
28,Leads Module,24,2025-06-27
177,Workflow Automation,32,2025-06-27
257,Email Campaigns,8,2025-06-27
241,Email Campaigns,44,2025-06-27
423,Email Campaigns,19,2025-06-27
232,Email Campaigns,24,2025-06-27
410,Leads Module,13,2025-06-27
457,Workflow Automation,6,2025-06-27
42,Workflow Automation,12,2025-06-27
148,Leads Module,7,2025-06-27
85,Integrations,8,2025-06-27
357,Reports,32,2025-06-27
78,Reports,34,2025-06-27
488,Leads Module,19,2025-06-27
214,Email Campaigns,9,2025-06-27
243,Integrations,27,2025-06-27
228,Leads Module,19,2025-06-27
97,Leads Module,2,2025-06-27
447,Reports,34,2025-06-27
331,Integrations,27,2025-06-27
297,Integrations,42,2025-06-27
331,Integrations,32,2025-06-27
304,Email Campaigns,36,2025-06-27
228,Workflow Automation,20,2025-06-27
291,Reports,20,2025-06-27
88,Integrations,15,2025-06-27
248,Integrations,19,2025-06-27
395,Leads Module,10,2025-06-27
181,Integrations,30,2025-06-27
490,Reports,40,2025-06-27
474,Reports,46,2025-06-27
275,Integrations,12,2025-06-27
499,Reports,46,2025-06-27
355,Reports,11,2025-06-27
122,Leads Module,3,2025-06-27
163,Email Campaigns,9,2025-06-27
226,Integrations,24,2025-06-27
95,Reports,36,2025-06-27
363,Leads Module,43,2025-06-27
163,Integrations,10,2025-06-27
191,Workflow Automation,35,2025-06-27
500,Reports,35,2025-06-27
155,Leads Module,2,2025-06-27
208,Workflow Automation,50,2025-06-27
75,Workflow Automation,21,2025-06-27
80,Leads Module,48,2025-06-27
280,Email Campaigns,22,2025-06-27
332,Integrations,31,2025-06-27
459,Integrations,49,2025-06-27
294,Reports,37,2025-06-27
374,Workflow Automation,22,2025-06-27
353,Leads Module,47,2025-06-27
246,Leads Module,9,2025-06-27
348,Email Campaigns,8,2025-06-27
158,Leads Module,26,2025-06-27
317,Reports,29,2025-06-27
183,Leads Module,21,2025-06-27
29,Email Campaigns,42,2025-06-27
100,Email Campaigns,34,2025-06-27
114,Integrations,13,2025-06-27
12,Leads Module,35,2025-06-27
435,Workflow Automation,44,2025-06-27
344,Leads Module,33,2025-06-27
202,Reports,32,2025-06-27
163,Email Campaigns,39,2025-06-27
262,Leads Module,43,2025-06-27
185,Workflow Automation,10,2025-06-27
367,Workflow Automation,24,2025-06-27
198,Integrations,1,2025-06-27
146,Integrations,23,2025-06-27
158,Workflow Automation,36,2025-06-27
45,Reports,47,2025-06-27
455,Workflow Automation,48,2025-06-27
213,Workflow Automation,19,2025-06-27
84,Workflow Automation,47,2025-06-27
459,Workflow Automation,9,2025-06-27
428,Email Campaigns,39,2025-06-27
45,Reports,14,2025-06-27
156,Workflow Automation,34,2025-06-27
172,Leads Module,38,2025-06-27
388,Workflow Automation,6,2025-06-27
4,Workflow Automation,41,2025-06-27
469,Integrations,27,2025-06-27
90,Email Campaigns,30,2025-06-27
364,Email Campaigns,49,2025-06-27
469,Reports,13,2025-06-27
96,Workflow Automation,19,2025-06-27
284,Workflow Automation,3,2025-06-27
422,Integrations,38,2025-06-27
156,Workflow Automation,36,2025-06-27
379,Workflow Automation,15,2025-06-27
14,Leads Module,10,2025-06-27
135,Integrations,41,2025-06-27
428,Workflow Automation,8,2025-06-27
335,Integrations,27,2025-06-27
92,Workflow Automation,45,2025-06-27
331,Reports,2,2025-06-27
62,Integrations,32,2025-06-27
497,Leads Module,39,2025-06-27
382,Integrations,38,2025-06-27
247,Email Campaigns,28,2025-06-27
445,Integrations,41,2025-06-27
352,Workflow Automation,45,2025-06-27
419,Leads Module,24,2025-06-27
263,Email Campaigns,2,2025-06-27
433,Integrations,11,2025-06-27
298,Leads Module,10,2025-06-27
164,Workflow Automation,45,2025-06-27
70,Integrations,11,2025-06-27
28,Integrations,24,2025-06-27
215,Integrations,4,2025-06-27
149,Integrations,34,2025-06-27
328,Leads Module,33,2025-06-27
100,Reports,49,2025-06-27
49,Email Campaigns,49,2025-06-27
86,Email Campaigns,21,2025-06-27
447,Integrations,44,2025-06-27
410,Integrations,18,2025-06-27
351,Integrations,7,2025-06-27
274,Email Campaigns,23,2025-06-27
422,Reports,1,2025-06-27
71,Email Campaigns,19,2025-06-27
191,Workflow Automation,27,2025-06-27
175,Reports,7,2025-06-27
112,Reports,33,2025-06-27
114,Reports,36,2025-06-27
315,Email Campaigns,35,2025-06-27
365,Email Campaigns,45,2025-06-27
388,Leads Module,27,2025-06-27
236,Leads Module,8,2025-06-27
420,Reports,2,2025-06-27
246,Integrations,20,2025-06-27
354,Integrations,9,2025-06-27
419,Workflow Automation,39,2025-06-27
268,Integrations,12,2025-06-27
364,Integrations,2,2025-06-27
382,Leads Module,15,2025-06-27
66,Reports,45,2025-06-27
117,Integrations,9,2025-06-27
108,Reports,6,2025-06-27
218,Leads Module,5,2025-06-27
10,Workflow Automation,49,2025-06-27
221,Leads Module,13,2025-06-27
56,Leads Module,43,2025-06-27
263,Email Campaigns,4,2025-06-27
241,Leads Module,17,2025-06-27
23,Leads Module,20,2025-06-27
342,Leads Module,49,2025-06-27
50,Leads Module,39,2025-06-27
106,Email Campaigns,13,2025-06-27
95,Integrations,2,2025-06-27
47,Reports,48,2025-06-27
483,Integrations,38,2025-06-27
179,Integrations,11,2025-06-27
438,Email Campaigns,50,2025-06-27
374,Email Campaigns,16,2025-06-27
259,Email Campaigns,5,2025-06-27
